Sales Person,Country,Product,Date,Amount,Boxes Shipped
Jehu Rudeforth,UK,Mint Chip Choco,2024-01-04,6339.57,187
Van Tuxwell,India,85% Dark Bars,2024-08-01,9005.87,90
Gigi Bohling,India,Peanut Butter Cubes,2024-07-07,5159.07,87
Jan Morforth,Australia,Peanut Butter Cubes,2024-04-27,13370.97,349
Jehu Rudeforth,UK,Peanut Butter Cubes,2024-02-24,14791.64,182
Van Tuxwell,India,Smooth Sliky Salty,2024-06-06,6429.35,40
Oby Sorrel,UK,99% Dark & Pure,2024-01-25,15900.6,188
Gunar Cockshoot,Australia,After Nines,2024-03-24,3400.26,77
Jehu Rudeforth,New Zealand,50% Dark Bites,2024-04-20,4357.76,63
Brien Boise,Australia,99% Dark & Pure,2024-07-04,3356.17,111
Rafaelita Blaksland,UK,Smooth Sliky Salty,2024-01-13,5287.86,67
Barr Faughny,USA,Orange Choco,2024-03-10,4244.36,11
Mallorie Waber,Canada,Eclairs,2024-01-13,1671.64,277
Karlen McCaffrey,New Zealand,Drinking Coco,2024-07-28,181.84,167
Marney O'Breen,New Zealand,Peanut Butter Cubes,2024-08-03,8950.59,189
Beverie Moffet,Australia,Organic Choco Syrup,2024-01-26,7271.76,385
Van Tuxwell,Canada,Organic Choco Syrup,2024-02-14,4864.83,42
Roddy Speechley,USA,Smooth Sliky Salty,2024-04-05,3175.11,149
Beverie Moffet,Canada,Milk Bars,2024-02-16,10137.79,250
Curtice Advani,UK,85% Dark Bars,2024-06-08,1206.95,174
Brien Boise,Australia,Eclairs,2024-06-27,8222.65,92
Gunar Cockshoot,USA,Spicy Special Slims,2024-02-17,1440.85,152
Marney O'Breen,USA,After Nines,2024-05-30,5611.65,159
Husein Augar,UK,Drinking Coco,2024-03-14,3562.44,111
Kaine Padly,Australia,Eclairs,2024-02-28,8385.26,122
Karlen McCaffrey,India,Fruit & Nut Bars,2024-01-26,181.31,330
Roddy Speechley,Canada,Spicy Special Slims,2024-02-09,1800.27,191
Husein Augar,USA,Eclairs,2024-07-07,4449.37,113
Dennison Crosswaite,New Zealand,White Choc,2024-07-05,10113.4,155
Dennison Crosswaite,New Zealand,Manuka Honey Choco,2024-06-15,5932.84,303
Van Tuxwell,New Zealand,85% Dark Bars,2024-05-24,2006.71,124
Rafaelita Blaksland,UK,99% Dark & Pure,2024-06-29,14086.69,157
Wilone O'Kielt,Australia,Manuka Honey Choco,2024-05-11,4799.54,90
Karlen McCaffrey,UK,Almond Choco,2024-06-30,8101.98,138
Andria Kimpton,Canada,After Nines,2024-05-11,2321.97,71
Roddy Speechley,USA,Manuka Honey Choco,2024-07-22,10245.0,329
Andria Kimpton,UK,50% Dark Bites,2024-08-24,2930.4,344
Kelci Walkden,New Zealand,After Nines,2024-07-07,170.24,75
Camilla Castle,Australia,85% Dark Bars,2024-05-19,4247.49,14
Karlen McCaffrey,India,Manuka Honey Choco,2024-07-04,2696.1,605
Kelci Walkden,USA,After Nines,2024-06-02,1083.76,16
Karlen McCaffrey,USA,Raspberry Choco,2024-04-15,17037.09,347
Mallorie Waber,Canada,Choco Coated Almonds,2024-07-11,5706.43,247
Andria Kimpton,India,Spicy Special Slims,2024-02-23,6682.34,139
Madelene Upcott,Canada,Almond Choco,2024-08-22,8192.6,100
Kaine Padly,USA,Peanut Butter Cubes,2024-02-16,7568.16,206
Van Tuxwell,USA,50% Dark Bites,2024-01-13,10772.33,156
Curtice Advani,Australia,Milk Bars,2024-02-14,7467.12,18
Roddy Speechley,India,Eclairs,2024-06-10,4985.9,311
Curtice Advani,India,Fruit & Nut Bars,2024-07-07,5693.6,177
Curtice Advani,Canada,Almond Choco,2024-03-24,5879.1,75
Brien Boise,Australia,Fruit & Nut Bars,2024-06-06,9771.93,22
Dotty Strutley,Australia,Drinking Coco,2024-07-19,105.06,140
Beverie Moffet,USA,Raspberry Choco,2024-04-19,16414.69,80
Marney O'Breen,India,85% Dark Bars,2024-07-19,2553.41,183
Jehu Rudeforth,Canada,Drinking Coco,2024-07-15,473.99,25
Ches Bonnell,New Zealand,Spicy Special Slims,2024-02-14,3873.98,19
Brien Boise,Canada,99% Dark & Pure,2024-05-18,17718.25,430
Barr Faughny,Australia,Fruit & Nut Bars,2024-06-30,16572.07,57
Andria Kimpton,Australia,50% Dark Bites,2024-06-02,5220.19,216
Andria Kimpton,Australia,Drinking Coco,2024-06-28,1797.26,49
Marney O'Breen,Australia,Organic Choco Syrup,2024-05-16,295.62,182
Kelci Walkden,Canada,Baker's Choco Chips,2024-05-26,3597.37,288
Karlen McCaffrey,India,Almond Choco,2024-07-06,6580.43,147
Oby Sorrel,India,99% Dark & Pure,2024-05-27,12232.97,11
Wilone O'Kielt,Australia,Caramel Stuffed Bars,2024-04-14,2243.44,11
Van Tuxwell,Australia,Organic Choco Syrup,2024-08-10,22943.37,14
Camilla Castle,India,50% Dark Bites,2024-07-04,10590.61,430
Oby Sorrel,India,Organic Choco Syrup,2024-07-08,6468.82,59
Jan Morforth,USA,Peanut Butter Cubes,2024-07-22,10463.57,109
Gigi Bohling,USA,Choco Coated Almonds,2024-03-02,14154.35,105
Gigi Bohling,UK,Almond Choco,2024-01-10,6031.14,9
Jehu Rudeforth,New Zealand,White Choc,2024-03-11,3308.4,258
Andria Kimpton,New Zealand,Peanut Butter Cubes,2024-06-20,1119.94,283
Van Tuxwell,UK,Organic Choco Syrup,2024-08-26,2303.39,222
Roddy Speechley,Canada,Milk Bars,2024-07-13,723.37,33
Camilla Castle,USA,Spicy Special Slims,2024-02-11,1413.64,261
Marney O'Breen,USA,Orange Choco,2024-01-27,9001.89,193
Van Tuxwell,UK,99% Dark & Pure,2024-01-31,5283.91,136
Camilla Castle,USA,White Choc,2024-08-18,10958.51,23
Andria Kimpton,USA,Raspberry Choco,2024-06-30,15531.78,22
Dotty Strutley,Australia,Fruit & Nut Bars,2024-08-23,317.36,337
Brien Boise,New Zealand,Mint Chip Choco,2024-08-01,71.41,188
Roddy Speechley,New Zealand,After Nines,2024-05-25,9317.33,11
Roddy Speechley,Canada,Organic Choco Syrup,2024-01-10,4790.71,86
Dennison Crosswaite,Australia,70% Dark Bites,2024-02-07,6166.8,114
Karlen McCaffrey,USA,Orange Choco,2024-05-12,11741.46,433
Madelene Upcott,Australia,Spicy Special Slims,2024-03-07,8519.77,443
Dennison Crosswaite,Australia,85% Dark Bars,2024-04-05,8278.86,453
Andria Kimpton,Canada,Caramel Stuffed Bars,2024-01-03,7560.62,336
Dennison Crosswaite,UK,Eclairs,2024-03-24,6702.11,285
Madelene Upcott,India,Raspberry Choco,2024-07-07,4758.69,10
Van Tuxwell,USA,After Nines,2024-07-26,709.25,263
Wilone O'Kielt,Australia,Organic Choco Syrup,2024-07-07,2003.05,110
Karlen McCaffrey,Canada,50% Dark Bites,2024-07-15,3248.0,64
Roddy Speechley,New Zealand,Orange Choco,2024-04-01,51.98,95
Beverie Moffet,Australia,Eclairs,2024-06-20,2134.65,6
Kelci Walkden,UK,Fruit & Nut Bars,2024-06-29,15540.41,520
Marney O'Breen,USA,50% Dark Bites,2024-06-15,1117.77,114
Husein Augar,USA,After Nines,2024-04-08,13999.05,179
Dennison Crosswaite,Australia,Raspberry Choco,2024-03-14,6265.59,31
Andria Kimpton,USA,Fruit & Nut Bars,2024-07-15,1536.82,386
Kelci Walkden,India,Eclairs,2024-04-19,6069.93,80
Marney O'Breen,USA,99% Dark & Pure,2024-03-28,4861.33,286
Brien Boise,Canada,Spicy Special Slims,2024-03-04,8993.24,97
Karlen McCaffrey,New Zealand,70% Dark Bites,2024-08-02,150.42,40
Husein Augar,UK,Spicy Special Slims,2024-08-25,5593.68,41
Marney O'Breen,USA,Almond Choco,2024-02-25,9376.61,167
Kelci Walkden,India,Orange Choco,2024-06-07,11315.16,134
Jan Morforth,India,Spicy Special Slims,2024-04-12,2048.34,506
Ches Bonnell,India,Spicy Special Slims,2024-07-06,12562.81,101
Kelci Walkden,UK,Smooth Sliky Salty,2024-01-19,6883.75,182
Madelene Upcott,Australia,Fruit & Nut Bars,2024-01-05,6105.6,90
Madelene Upcott,Canada,70% Dark Bites,2024-01-24,12634.72,145
Wilone O'Kielt,Australia,Drinking Coco,2024-04-06,663.74,285
Gunar Cockshoot,Australia,Fruit & Nut Bars,2024-06-15,7044.68,21
Gigi Bohling,Canada,Baker's Choco Chips,2024-01-28,1804.9,47
Kelci Walkden,India,Caramel Stuffed Bars,2024-03-16,513.43,131
Rafaelita Blaksland,Australia,Drinking Coco,2024-02-21,13699.76,389
Kelci Walkden,USA,Manuka Honey Choco,2024-02-16,19995.68,94
Jehu Rudeforth,Canada,Spicy Special Slims,2024-01-13,2189.7,29
Kelci Walkden,Australia,Eclairs,2024-03-23,8727.09,523
Curtice Advani,Canada,Spicy Special Slims,2024-06-16,911.46,126
Oby Sorrel,India,Raspberry Choco,2024-04-14,7620.86,46
Kelci Walkden,UK,Eclairs,2024-01-25,5054.56,60
Jan Morforth,India,Almond Choco,2024-03-11,5230.5,23
Dotty Strutley,UK,Almond Choco,2024-07-28,17104.04,103
Marney O'Breen,New Zealand,After Nines,2024-03-09,1642.32,43
Husein Augar,Australia,Orange Choco,2024-06-28,10322.19,182
Marney O'Breen,Australia,Milk Bars,2024-07-28,2715.92,423
Kelci Walkden,Canada,99% Dark & Pure,2024-08-15,5598.05,51
Kaine Padly,Australia,Manuka Honey Choco,2024-01-12,2996.99,280
Beverie Moffet,New Zealand,White Choc,2024-03-24,7946.49,7
Van Tuxwell,UK,Milk Bars,2024-07-25,4991.22,92
Oby Sorrel,Canada,99% Dark & Pure,2024-08-01,4151.7,424
Van Tuxwell,India,Organic Choco Syrup,2024-05-16,22701.85,168
Roddy Speechley,India,Smooth Sliky Salty,2024-08-10,6014.3,141
Jan Morforth,India,Eclairs,2024-01-05,2788.6,27
Ches Bonnell,UK,Smooth Sliky Salty,2024-07-11,6503.75,116
Wilone O'Kielt,USA,After Nines,2024-04-25,433.92,31
Gigi Bohling,New Zealand,Fruit & Nut Bars,2024-04-04,12314.13,129
Barr Faughny,USA,Raspberry Choco,2024-04-12,9876.86,106
Wilone O'Kielt,New Zealand,85% Dark Bars,2024-08-02,2043.06,121
Gigi Bohling,New Zealand,Manuka Honey Choco,2024-06-28,8728.8,272
Ches Bonnell,Australia,Eclairs,2024-07-05,4906.57,128
Rafaelita Blaksland,New Zealand,Choco Coated Almonds,2024-06-07,2278.06,49
Brien Boise,New Zealand,Smooth Sliky Salty,2024-01-18,1108.18,27
Brien Boise,Australia,Baker's Choco Chips,2024-01-04,14957.65,206
Dennison Crosswaite,Australia,99% Dark & Pure,2024-01-31,3020.67,19
Kelci Walkden,India,Almond Choco,2024-03-14,3677.47,152
Camilla Castle,Australia,70% Dark Bites,2024-04-29,6999.62,500
Oby Sorrel,India,Smooth Sliky Salty,2024-02-07,10901.65,116
Kaine Padly,UK,Organic Choco Syrup,2024-03-31,2586.62,172
Marney O'Breen,India,Caramel Stuffed Bars,2024-03-16,5077.5,81
Karlen McCaffrey,UK,Eclairs,2024-01-25,8360.11,203
Van Tuxwell,India,Baker's Choco Chips,2024-06-20,3566.77,426
Gigi Bohling,UK,After Nines,2024-03-29,9186.69,173
Curtice Advani,Australia,Orange Choco,2024-07-12,917.35,140
Jehu Rudeforth,Canada,Smooth Sliky Salty,2024-07-11,6199.12,132
Karlen McCaffrey,Canada,Smooth Sliky Salty,2024-01-19,3368.63,180
Andria Kimpton,USA,85% Dark Bars,2024-04-05,10527.23,82
Jehu Rudeforth,Canada,Milk Bars,2024-02-21,7927.57,12
Rafaelita Blaksland,New Zealand,Caramel Stuffed Bars,2024-05-20,14493.5,15
Mallorie Waber,Australia,Milk Bars,2024-07-29,3112.2,107
Barr Faughny,USA,Fruit & Nut Bars,2024-01-28,9617.64,44
Marney O'Breen,UK,Caramel Stuffed Bars,2024-07-19,4198.08,107
Mallorie Waber,New Zealand,Manuka Honey Choco,2024-04-13,10927.22,11
Roddy Speechley,India,Peanut Butter Cubes,2024-02-11,10759.18,20
Roddy Speechley,New Zealand,Milk Bars,2024-03-02,6250.42,111
Ches Bonnell,Australia,White Choc,2024-03-02,1103.54,195
Van Tuxwell,USA,99% Dark & Pure,2024-07-28,13435.98,6
Kelci Walkden,India,After Nines,2024-01-07,1855.03,563
Brien Boise,UK,White Choc,2024-04-12,5799.09,169
Van Tuxwell,Canada,Almond Choco,2024-06-27,3631.78,71
Jehu Rudeforth,Australia,50% Dark Bites,2024-01-14,5461.43,456
Karlen McCaffrey,UK,Baker's Choco Chips,2024-02-07,5315.95,389
Jehu Rudeforth,Australia,Orange Choco,2024-03-23,16059.94,28
Marney O'Breen,India,Peanut Butter Cubes,2024-01-10,7803.84,157
Oby Sorrel,UK,Choco Coated Almonds,2024-03-17,10751.19,44
Gigi Bohling,USA,Spicy Special Slims,2024-01-21,12156.54,54
Barr Faughny,Australia,White Choc,2024-07-04,9402.26,401
Kaine Padly,Canada,Peanut Butter Cubes,2024-07-04,3653.39,185
Dotty Strutley,USA,Manuka Honey Choco,2024-08-10,320.11,201
Dennison Crosswaite,Australia,50% Dark Bites,2024-04-01,7618.91,12
Gigi Bohling,India,Raspberry Choco,2024-02-22,2843.9,158
Camilla Castle,UK,White Choc,2024-01-03,11946.4,192
Karlen McCaffrey,India,Drinking Coco,2024-05-31,5055.05,241
Dotty Strutley,UK,99% Dark & Pure,2024-01-03,10378.36,301
Husein Augar,New Zealand,Caramel Stuffed Bars,2024-01-27,595.16,461
Barr Faughny,UK,50% Dark Bites,2024-01-28,639.95,71
Curtice Advani,Australia,Organic Choco Syrup,2024-06-28,3717.35,322
Husein Augar,UK,Choco Coated Almonds,2024-03-02,5057.1,41
Wilone O'Kielt,Australia,After Nines,2024-05-27,3729.83,27
Dennison Crosswaite,USA,Almond Choco,2024-06-30,13786.87,85
Barr Faughny,Canada,Peanut Butter Cubes,2024-06-07,2206.28,79
Kaine Padly,USA,70% Dark Bites,2024-05-12,4672.25,103
Barr Faughny,New Zealand,Raspberry Choco,2024-07-29,7667.99,69
Dennison Crosswaite,UK,White Choc,2024-08-03,8338.51,270
Barr Faughny,India,Baker's Choco Chips,2024-08-18,7548.62,153
Van Tuxwell,New Zealand,Smooth Sliky Salty,2024-06-14,3608.83,46
Beverie Moffet,UK,White Choc,2024-06-30,7108.96,80
Camilla Castle,New Zealand,Mint Chip Choco,2024-06-13,1293.02,201
Ches Bonnell,UK,Orange Choco,2024-04-27,15365.78,57
Jan Morforth,Australia,White Choc,2024-07-27,3766.49,33
Mallorie Waber,Canada,85% Dark Bars,2024-04-20,1664.68,465
Rafaelita Blaksland,India,Spicy Special Slims,2024-01-04,8972.79,134
Ches Bonnell,Australia,Mint Chip Choco,2024-02-21,10576.55,96
Karlen McCaffrey,Australia,White Choc,2024-01-05,8857.15,50
Beverie Moffet,India,Drinking Coco,2024-07-15,6756.17,45
Brien Boise,Australia,Choco Coated Almonds,2024-05-25,5532.85,63
Karlen McCaffrey,Canada,Eclairs,2024-04-20,3713.66,352
Gigi Bohling,USA,99% Dark & Pure,2024-06-02,906.85,246
Marney O'Breen,UK,Smooth Sliky Salty,2024-05-13,22558.88,84
Beverie Moffet,New Zealand,Baker's Choco Chips,2024-08-03,1517.05,147
Beverie Moffet,Australia,Milk Bars,2024-05-25,770.45,389
Van Tuxwell,UK,Raspberry Choco,2024-03-16,7623.35,80
Jan Morforth,Australia,Orange Choco,2024-07-04,3418.05,117
Jehu Rudeforth,India,50% Dark Bites,2024-07-05,4055.71,137
Madelene Upcott,USA,After Nines,2024-03-15,5432.84,450
Barr Faughny,UK,Raspberry Choco,2024-08-22,6016.8,71
Ches Bonnell,Australia,70% Dark Bites,2024-01-12,3609.76,122
Marney O'Breen,UK,Baker's Choco Chips,2024-06-10,302.25,154
Kaine Padly,Australia,Peanut Butter Cubes,2024-03-25,6062.87,290
Rafaelita Blaksland,India,Almond Choco,2024-07-27,3589.91,106
Husein Augar,UK,Caramel Stuffed Bars,2024-04-15,16457.28,442
Roddy Speechley,India,Orange Choco,2024-06-27,4813.53,19
Jehu Rudeforth,UK,70% Dark Bites,2024-04-14,5819.17,270
Husein Augar,Australia,Manuka Honey Choco,2024-03-15,7824.91,100
Madelene Upcott,USA,Eclairs,2024-03-18,9446.67,193
Brien Boise,India,Eclairs,2024-04-29,1447.58,67
Mallorie Waber,New Zealand,White Choc,2024-02-25,3356.27,238
Husein Augar,USA,Milk Bars,2024-03-02,1031.25,55
Van Tuxwell,Australia,Milk Bars,2024-06-20,9471.51,95
Beverie Moffet,Canada,White Choc,2024-07-15,10573.29,179
Dotty Strutley,Australia,50% Dark Bites,2024-05-12,3321.9,247
Mallorie Waber,New Zealand,Organic Choco Syrup,2024-07-01,5318.0,281
Husein Augar,USA,85% Dark Bars,2024-08-08,415.67,59
Madelene Upcott,Australia,50% Dark Bites,2024-07-25,8295.88,6
Wilone O'Kielt,UK,Drinking Coco,2024-05-18,3857.25,54
Camilla Castle,India,Peanut Butter Cubes,2024-07-15,14102.83,291
Curtice Advani,India,70% Dark Bites,2024-07-05,2453.44,43
Mallorie Waber,USA,Manuka Honey Choco,2024-07-04,5910.67,100
Dotty Strutley,UK,70% Dark Bites,2024-06-20,1515.42,230
Gunar Cockshoot,Australia,Almond Choco,2024-01-25,4498.05,464
Kaine Padly,New Zealand,Spicy Special Slims,2024-07-01,8755.31,38
Gigi Bohling,USA,50% Dark Bites,2024-04-13,2651.48,60
Beverie Moffet,UK,Smooth Sliky Salty,2024-05-04,5119.35,77
Beverie Moffet,Australia,Baker's Choco Chips,2024-08-04,3360.74,119
Beverie Moffet,India,70% Dark Bites,2024-06-01,495.65,146
Jehu Rudeforth,UK,Choco Coated Almonds,2024-04-22,5108.85,187
Kaine Padly,USA,50% Dark Bites,2024-08-03,77.1,26
Ches Bonnell,USA,Orange Choco,2024-06-10,1860.29,71
Gunar Cockshoot,UK,Manuka Honey Choco,2024-06-27,7917.76,50
Marney O'Breen,Australia,Smooth Sliky Salty,2024-01-03,4059.92,179
Marney O'Breen,India,After Nines,2024-07-11,2816.85,188
Ches Bonnell,New Zealand,Milk Bars,2024-08-17,5306.48,128
Rafaelita Blaksland,USA,Fruit & Nut Bars,2024-01-18,2756.63,66
Ches Bonnell,India,Organic Choco Syrup,2024-03-08,17903.7,107
Mallorie Waber,Australia,Orange Choco,2024-03-07,15825.08,284
Husein Augar,India,70% Dark Bites,2024-05-09,7745.33,164
Barr Faughny,New Zealand,85% Dark Bars,2024-05-23,2214.91,161
Madelene Upcott,UK,Caramel Stuffed Bars,2024-04-15,190.24,156
Gigi Bohling,Australia,Drinking Coco,2024-07-27,2960.0,141
Marney O'Breen,Canada,Choco Coated Almonds,2024-08-22,2937.62,389
Ches Bonnell,USA,70% Dark Bites,2024-05-11,4778.36,124
Madelene Upcott,India,Organic Choco Syrup,2024-01-26,5401.01,41
Barr Faughny,USA,50% Dark Bites,2024-04-14,15372.94,124
Dennison Crosswaite,New Zealand,Mint Chip Choco,2024-04-05,7121.02,433
Marney O'Breen,New Zealand,Smooth Sliky Salty,2024-06-14,9057.64,56
Brien Boise,Canada,Almond Choco,2024-04-13,5439.43,125
Beverie Moffet,Australia,White Choc,2024-06-27,2659.78,178
Dotty Strutley,Australia,Eclairs,2024-01-26,7897.59,3
Barr Faughny,UK,White Choc,2024-07-05,1959.22,70
Beverie Moffet,Canada,Baker's Choco Chips,2024-01-11,15305.32,91
Kelci Walkden,USA,White Choc,2024-03-07,11257.11,21
Kaine Padly,Canada,50% Dark Bites,2024-03-04,9207.09,109
Karlen McCaffrey,Canada,Organic Choco Syrup,2024-07-15,2769.94,302
Kaine Padly,UK,Peanut Butter Cubes,2024-05-11,7477.56,85
Karlen McCaffrey,USA,Milk Bars,2024-01-27,5231.54,8
Karlen McCaffrey,India,Orange Choco,2024-06-27,3745.21,161
Ches Bonnell,India,Smooth Sliky Salty,2024-08-03,8503.93,19
Wilone O'Kielt,New Zealand,Mint Chip Choco,2024-08-19,12524.3,251
Wilone O'Kielt,Australia,Fruit & Nut Bars,2024-06-15,472.27,101
Dennison Crosswaite,UK,Peanut Butter Cubes,2024-02-07,9771.87,158
Karlen McCaffrey,Australia,Almond Choco,2024-07-08,8130.06,140
Dennison Crosswaite,India,Milk Bars,2024-04-21,1624.06,96
Ches Bonnell,UK,Mint Chip Choco,2024-04-08,2984.4,214
Husein Augar,Australia,50% Dark Bites,2024-08-19,15593.5,56
Jan Morforth,India,Fruit & Nut Bars,2024-05-04,3387.76,60
Mallorie Waber,USA,85% Dark Bars,2024-05-11,2847.18,115
Mallorie Waber,USA,Eclairs,2024-03-22,7511.77,49
Dennison Crosswaite,Canada,Spicy Special Slims,2024-08-10,2711.58,216
Dennison Crosswaite,USA,Fruit & Nut Bars,2024-05-04,1673.44,314
Kelci Walkden,USA,99% Dark & Pure,2024-08-18,8853.16,261
Dotty Strutley,Canada,Raspberry Choco,2024-08-03,4722.39,258
Marney O'Breen,New Zealand,Milk Bars,2024-01-14,8408.12,318
Madelene Upcott,Australia,Choco Coated Almonds,2024-04-08,2442.36,78
Kelci Walkden,UK,Orange Choco,2024-08-01,4010.08,3
Dennison Crosswaite,Canada,Eclairs,2024-03-15,492.21,45
Karlen McCaffrey,India,Mint Chip Choco,2024-07-15,11650.88,192
Barr Faughny,New Zealand,Almond Choco,2024-01-13,6426.04,132
Mallorie Waber,Australia,85% Dark Bars,2024-08-26,2665.28,54
Ches Bonnell,Canada,Eclairs,2024-01-10,2048.58,170
Gigi Bohling,Australia,White Choc,2024-05-11,6267.19,83
Beverie Moffet,New Zealand,85% Dark Bars,2024-08-30,12886.26,21
Kaine Padly,USA,Caramel Stuffed Bars,2024-07-21,6143.64,117
Mallorie Waber,Australia,Almond Choco,2024-08-01,8273.83,130
Brien Boise,Canada,85% Dark Bars,2024-02-17,12163.59,264
Brien Boise,Australia,Drinking Coco,2024-07-27,7192.41,159
Dotty Strutley,USA,Orange Choco,2024-02-23,1452.94,112
Rafaelita Blaksland,Australia,50% Dark Bites,2024-03-22,3375.83,41
Dennison Crosswaite,India,99% Dark & Pure,2024-06-23,8328.8,327
Curtice Advani,UK,White Choc,2024-02-01,1634.54,70
Kelci Walkden,Australia,After Nines,2024-03-02,8265.41,298
Gigi Bohling,UK,Fruit & Nut Bars,2024-04-06,1448.1,92
Gunar Cockshoot,Australia,Raspberry Choco,2024-03-17,709.53,77
Curtice Advani,UK,Fruit & Nut Bars,2024-06-24,12197.19,135
Barr Faughny,Canada,50% Dark Bites,2024-07-19,10917.59,302
Curtice Advani,USA,Spicy Special Slims,2024-07-11,1679.89,287
Brien Boise,India,Almond Choco,2024-01-13,2303.17,225
Oby Sorrel,New Zealand,Smooth Sliky Salty,2024-07-07,9261.26,65
Jan Morforth,India,85% Dark Bars,2024-05-25,5252.8,415
Marney O'Breen,India,Fruit & Nut Bars,2024-04-13,5385.55,161
Andria Kimpton,New Zealand,50% Dark Bites,2024-03-02,3741.19,222
Gunar Cockshoot,Canada,Raspberry Choco,2024-06-23,2223.49,127
Kelci Walkden,USA,Drinking Coco,2024-07-26,7720.37,156
Van Tuxwell,Canada,White Choc,2024-03-22,468.09,3
Rafaelita Blaksland,USA,Baker's Choco Chips,2024-06-09,3083.39,55
Van Tuxwell,Australia,Caramel Stuffed Bars,2024-05-17,6898.94,58
Ches Bonnell,New Zealand,Peanut Butter Cubes,2024-03-04,1036.05,291
Kelci Walkden,Canada,Milk Bars,2024-07-07,17518.04,28
Dennison Crosswaite,Canada,Choco Coated Almonds,2024-01-13,11691.86,128
Curtice Advani,Australia,Almond Choco,2024-07-13,3136.53,74
Madelene Upcott,Australia,85% Dark Bars,2024-06-16,1677.71,325
Gigi Bohling,UK,50% Dark Bites,2024-07-18,8937.37,66
Ches Bonnell,UK,Manuka Honey Choco,2024-05-30,4761.38,406
Gigi Bohling,UK,70% Dark Bites,2024-06-21,942.02,84
Jehu Rudeforth,Australia,Peanut Butter Cubes,2024-06-24,6623.03,39
Marney O'Breen,India,Eclairs,2024-01-13,4067.36,94
Curtice Advani,Canada,Fruit & Nut Bars,2024-04-04,4712.55,211
Kaine Padly,UK,Smooth Sliky Salty,2024-06-08,9571.3,594
Karlen McCaffrey,Canada,Spicy Special Slims,2024-08-02,6779.99,46
Kelci Walkden,USA,Organic Choco Syrup,2024-07-21,10772.46,150
Curtice Advani,India,Spicy Special Slims,2024-06-20,189.34,140
Roddy Speechley,India,After Nines,2024-06-22,3015.47,115
Camilla Castle,Australia,Caramel Stuffed Bars,2024-05-02,3538.27,16
Curtice Advani,Australia,99% Dark & Pure,2024-01-07,5196.97,87
Mallorie Waber,UK,50% Dark Bites,2024-02-21,6654.14,102
Ches Bonnell,Canada,Baker's Choco Chips,2024-03-21,8639.19,402
Van Tuxwell,UK,Drinking Coco,2024-04-04,6397.05,136
Gunar Cockshoot,Canada,Fruit & Nut Bars,2024-03-24,14596.37,196
Gunar Cockshoot,New Zealand,Spicy Special Slims,2024-06-28,7712.91,192
Gunar Cockshoot,Australia,Drinking Coco,2024-01-14,2456.77,188
Karlen McCaffrey,New Zealand,Fruit & Nut Bars,2024-02-07,1435.27,138
Dennison Crosswaite,New Zealand,Drinking Coco,2024-01-11,4324.48,202
Jehu Rudeforth,India,99% Dark & Pure,2024-02-25,2207.76,247
Dotty Strutley,Australia,Mint Chip Choco,2024-08-01,7571.51,26
Roddy Speechley,Australia,Mint Chip Choco,2024-05-05,7189.76,262
Madelene Upcott,New Zealand,Raspberry Choco,2024-05-18,10858.21,451
Dotty Strutley,New Zealand,Choco Coated Almonds,2024-01-04,6524.65,369
Roddy Speechley,New Zealand,50% Dark Bites,2024-05-09,4624.45,212
Rafaelita Blaksland,India,Smooth Sliky Salty,2024-05-06,1961.82,80
Husein Augar,UK,White Choc,2024-01-13,12782.63,158
Roddy Speechley,Australia,Almond Choco,2024-06-24,4928.3,71
Van Tuxwell,USA,Caramel Stuffed Bars,2024-02-14,1115.84,22
Camilla Castle,Australia,99% Dark & Pure,2024-01-18,5346.62,109
Kaine Padly,India,Milk Bars,2024-05-02,3168.11,93
Ches Bonnell,Australia,Smooth Sliky Salty,2024-05-16,9007.92,52
Mallorie Waber,USA,Almond Choco,2024-01-28,7400.07,383
Kaine Padly,Canada,99% Dark & Pure,2024-06-24,1420.22,422
Oby Sorrel,UK,After Nines,2024-07-18,2555.95,109
Gunar Cockshoot,UK,Eclairs,2024-04-13,4059.65,175
Dotty Strutley,USA,Caramel Stuffed Bars,2024-04-15,18581.37,83
Jan Morforth,India,Peanut Butter Cubes,2024-01-04,8813.58,182
Husein Augar,Australia,Eclairs,2024-07-04,7914.74,31
Beverie Moffet,USA,Smooth Sliky Salty,2024-03-24,2787.72,342
Camilla Castle,Australia,Manuka Honey Choco,2024-03-17,681.71,170
Oby Sorrel,Australia,Almond Choco,2024-02-15,6827.53,241
Jan Morforth,USA,Orange Choco,2024-06-29,1082.0,158
Gigi Bohling,USA,Fruit & Nut Bars,2024-05-24,2966.98,121
Mallorie Waber,UK,Milk Bars,2024-01-10,3951.74,287
Curtice Advani,USA,Raspberry Choco,2024-03-15,3151.23,144
Marney O'Breen,Canada,Milk Bars,2024-02-08,2672.67,317
Brien Boise,India,Caramel Stuffed Bars,2024-02-25,1742.37,106
Gunar Cockshoot,USA,Eclairs,2024-05-03,7301.31,42
Roddy Speechley,USA,Fruit & Nut Bars,2024-06-14,6322.14,26
Gunar Cockshoot,India,50% Dark Bites,2024-08-09,13731.44,82
Wilone O'Kielt,New Zealand,Manuka Honey Choco,2024-07-11,4051.88,253
Kaine Padly,UK,Manuka Honey Choco,2024-01-14,8474.69,115
Van Tuxwell,Canada,Manuka Honey Choco,2024-02-24,9426.56,49
Wilone O'Kielt,New Zealand,Almond Choco,2024-03-15,9770.28,154
Oby Sorrel,New Zealand,Baker's Choco Chips,2024-04-25,14234.61,45
Dennison Crosswaite,Australia,Organic Choco Syrup,2024-05-10,6885.01,40
Marney O'Breen,Australia,Spicy Special Slims,2024-06-23,14687.62,293
Beverie Moffet,Canada,Smooth Sliky Salty,2024-02-28,16585.43,388
Brien Boise,USA,Organic Choco Syrup,2024-05-25,17415.67,148
Roddy Speechley,New Zealand,Baker's Choco Chips,2024-02-22,5954.47,236
Van Tuxwell,UK,85% Dark Bars,2024-07-11,4179.91,140
Marney O'Breen,Canada,Spicy Special Slims,2024-01-03,3939.95,365
Rafaelita Blaksland,New Zealand,70% Dark Bites,2024-08-24,791.19,280
Beverie Moffet,USA,50% Dark Bites,2024-07-28,2941.65,360
Brien Boise,USA,Mint Chip Choco,2024-05-25,12476.68,162
Karlen McCaffrey,New Zealand,Eclairs,2024-05-06,2817.14,191
Barr Faughny,India,Drinking Coco,2024-01-28,2411.52,144
Marney O'Breen,UK,Orange Choco,2024-06-06,13072.74,11
Brien Boise,New Zealand,Baker's Choco Chips,2024-07-12,6790.41,26
Ches Bonnell,Canada,Spicy Special Slims,2024-08-05,6092.47,201
Brien Boise,USA,Orange Choco,2024-01-28,7185.5,152
Kaine Padly,India,Spicy Special Slims,2024-08-31,6170.8,138
Mallorie Waber,USA,50% Dark Bites,2024-04-19,1945.05,14
Mallorie Waber,UK,Mint Chip Choco,2024-06-29,6767.42,2
Beverie Moffet,India,Choco Coated Almonds,2024-02-24,3911.69,254
Madelene Upcott,UK,Smooth Sliky Salty,2024-03-04,16733.76,88
Gigi Bohling,India,Eclairs,2024-06-21,3916.92,74
Rafaelita Blaksland,Australia,Organic Choco Syrup,2024-01-26,1082.69,106
Oby Sorrel,New Zealand,White Choc,2024-06-10,4822.33,42
Andria Kimpton,UK,Drinking Coco,2024-05-23,1827.45,66
Kelci Walkden,India,Milk Bars,2024-04-15,1142.41,111
Karlen McCaffrey,New Zealand,Caramel Stuffed Bars,2024-01-31,6290.89,232
Andria Kimpton,New Zealand,Organic Choco Syrup,2024-03-04,5616.01,43
Barr Faughny,New Zealand,After Nines,2024-04-19,11250.69,91
Beverie Moffet,UK,Almond Choco,2024-05-16,2799.42,104
Oby Sorrel,Australia,Raspberry Choco,2024-02-17,1157.88,114
Dennison Crosswaite,USA,Raspberry Choco,2024-01-18,7049.32,273
Roddy Speechley,Canada,Orange Choco,2024-02-09,9460.5,84
Mallorie Waber,Canada,Orange Choco,2024-03-23,4173.73,175
Madelene Upcott,New Zealand,Caramel Stuffed Bars,2024-02-01,4005.08,150
Mallorie Waber,India,Drinking Coco,2024-03-07,4650.58,143
Ches Bonnell,UK,White Choc,2024-01-03,3814.56,220
Ches Bonnell,USA,White Choc,2024-02-11,6321.35,325
Dennison Crosswaite,New Zealand,Orange Choco,2024-03-16,5245.53,144
Dotty Strutley,India,White Choc,2024-08-15,12998.67,317
Gigi Bohling,India,Manuka Honey Choco,2024-05-12,5932.12,79
Van Tuxwell,India,Spicy Special Slims,2024-04-11,6811.55,4
Jan Morforth,New Zealand,Mint Chip Choco,2024-06-30,21381.14,311
Dotty Strutley,New Zealand,White Choc,2024-06-15,8423.36,63
Rafaelita Blaksland,Canada,Caramel Stuffed Bars,2024-08-01,7951.43,109
Kaine Padly,USA,Milk Bars,2024-06-15,18389.1,62
Brien Boise,India,After Nines,2024-06-16,6555.46,45
Oby Sorrel,New Zealand,Raspberry Choco,2024-05-13,5129.71,270
Dennison Crosswaite,USA,Drinking Coco,2024-05-10,2399.02,149
Oby Sorrel,India,Eclairs,2024-08-25,6096.53,344
Ches Bonnell,New Zealand,Organic Choco Syrup,2024-07-15,8134.67,83
Gigi Bohling,UK,Baker's Choco Chips,2024-05-16,9969.65,449
Jan Morforth,Australia,50% Dark Bites,2024-06-14,3894.16,173
Beverie Moffet,Australia,Smooth Sliky Salty,2024-01-25,11533.35,491
Ches Bonnell,USA,Organic Choco Syrup,2024-07-28,8754.31,14
Brien Boise,Canada,Mint Chip Choco,2024-01-28,5475.65,194
Kaine Padly,UK,Orange Choco,2024-06-29,2252.94,196
Karlen McCaffrey,Australia,70% Dark Bites,2024-06-24,278.78,332
Gunar Cockshoot,Canada,Mint Chip Choco,2024-07-01,8936.91,442
Roddy Speechley,USA,Peanut Butter Cubes,2024-02-25,2010.22,144
Curtice Advani,Canada,Smooth Sliky Salty,2024-08-01,2901.91,12
Oby Sorrel,Australia,Milk Bars,2024-06-21,9231.31,278
Camilla Castle,New Zealand,Spicy Special Slims,2024-01-25,12744.67,26
Gigi Bohling,UK,Milk Bars,2024-05-17,1436.97,248
Andria Kimpton,Australia,85% Dark Bars,2024-08-23,4900.32,254
Camilla Castle,Australia,Smooth Sliky Salty,2024-03-03,8263.11,129
Roddy Speechley,India,Caramel Stuffed Bars,2024-05-30,10139.68,552
Karlen McCaffrey,USA,Drinking Coco,2024-06-29,132.68,243
Andria Kimpton,Canada,Organic Choco Syrup,2024-01-04,9479.63,217
Jehu Rudeforth,Australia,Drinking Coco,2024-01-14,3114.84,65
Karlen McCaffrey,USA,Mint Chip Choco,2024-02-15,17866.48,58
Curtice Advani,New Zealand,Spicy Special Slims,2024-01-10,4651.03,494
Madelene Upcott,USA,White Choc,2024-05-04,14360.42,218
Andria Kimpton,USA,Spicy Special Slims,2024-05-23,2595.52,5
Barr Faughny,New Zealand,Fruit & Nut Bars,2024-04-26,1853.03,153
Oby Sorrel,Canada,Organic Choco Syrup,2024-07-05,1392.99,70
Madelene Upcott,UK,Organic Choco Syrup,2024-07-21,7943.17,174
Dotty Strutley,USA,Mint Chip Choco,2024-02-21,5552.79,272
Kelci Walkden,USA,Orange Choco,2024-02-03,1539.14,143
Gigi Bohling,Australia,Caramel Stuffed Bars,2024-07-08,9117.77,154
Mallorie Waber,India,50% Dark Bites,2024-05-31,631.02,140
Van Tuxwell,New Zealand,Mint Chip Choco,2024-06-27,4486.37,104
Van Tuxwell,India,50% Dark Bites,2024-05-13,5591.29,132
Van Tuxwell,USA,Manuka Honey Choco,2024-05-31,2662.54,102
Wilone O'Kielt,USA,Orange Choco,2024-02-28,7481.93,38
Barr Faughny,New Zealand,Eclairs,2024-03-28,7418.41,31
Gigi Bohling,USA,After Nines,2024-01-14,1969.06,235
Barr Faughny,New Zealand,Mint Chip Choco,2024-02-21,7197.75,159
Dennison Crosswaite,Canada,85% Dark Bars,2024-08-01,11719.06,87
Beverie Moffet,New Zealand,Smooth Sliky Salty,2024-05-19,2755.14,63
Husein Augar,USA,White Choc,2024-07-13,2438.56,61
Andria Kimpton,Australia,Peanut Butter Cubes,2024-04-20,7661.86,144
Dennison Crosswaite,India,85% Dark Bars,2024-06-30,4886.15,23
Curtice Advani,UK,50% Dark Bites,2024-03-08,3572.26,156
Gunar Cockshoot,USA,Fruit & Nut Bars,2024-03-09,6937.75,94
Oby Sorrel,Canada,Raspberry Choco,2024-06-16,1941.25,221
Gigi Bohling,UK,Drinking Coco,2024-06-30,6173.15,46
Kelci Walkden,India,Mint Chip Choco,2024-07-28,3105.45,116
Karlen McCaffrey,Canada,Peanut Butter Cubes,2024-08-12,3691.6,154
Barr Faughny,UK,Mint Chip Choco,2024-07-07,3950.65,324
Barr Faughny,USA,85% Dark Bars,2024-08-25,13497.17,49
Husein Augar,Canada,Eclairs,2024-01-17,4389.23,241
Jan Morforth,Australia,70% Dark Bites,2024-03-04,6310.98,366
Marney O'Breen,New Zealand,Fruit & Nut Bars,2024-08-25,9693.37,4
Ches Bonnell,UK,Peanut Butter Cubes,2024-04-15,2348.2,266
Kaine Padly,USA,Organic Choco Syrup,2024-03-11,2518.5,24
Camilla Castle,USA,Raspberry Choco,2024-05-20,3516.72,17
Brien Boise,New Zealand,Manuka Honey Choco,2024-06-14,16807.37,44
Jehu Rudeforth,New Zealand,After Nines,2024-04-14,1736.59,70
Jehu Rudeforth,USA,Smooth Sliky Salty,2024-07-07,7900.11,168
Madelene Upcott,India,Mint Chip Choco,2024-08-24,4016.89,71
Jehu Rudeforth,India,Eclairs,2024-02-24,9642.62,140
Karlen McCaffrey,Canada,Raspberry Choco,2024-05-09,773.7,217
Kaine Padly,Australia,70% Dark Bites,2024-02-08,7852.03,240
Roddy Speechley,UK,70% Dark Bites,2024-03-24,1649.57,293
Rafaelita Blaksland,USA,Drinking Coco,2024-06-20,9333.45,78
Mallorie Waber,Canada,Manuka Honey Choco,2024-03-07,1540.11,117
Kaine Padly,Australia,Fruit & Nut Bars,2024-06-20,7840.94,82
Oby Sorrel,New Zealand,Organic Choco Syrup,2024-02-17,17102.97,267
Madelene Upcott,UK,99% Dark & Pure,2024-01-26,11496.42,49
Madelene Upcott,Australia,Mint Chip Choco,2024-05-02,3072.89,166
Curtice Advani,Canada,99% Dark & Pure,2024-07-07,14990.79,7
Rafaelita Blaksland,Australia,Baker's Choco Chips,2024-08-22,3170.18,49
Karlen McCaffrey,Australia,After Nines,2024-08-11,2528.14,67
Marney O'Breen,UK,99% Dark & Pure,2024-01-13,8551.6,208
Gunar Cockshoot,Australia,50% Dark Bites,2024-03-02,13072.95,119
Marney O'Breen,Australia,Choco Coated Almonds,2024-07-27,11987.26,41
Kelci Walkden,New Zealand,Drinking Coco,2024-03-10,18385.44,116
Beverie Moffet,USA,85% Dark Bars,2024-08-23,14028.4,344
Roddy Speechley,USA,Eclairs,2024-04-25,4812.71,169
Dennison Crosswaite,UK,Milk Bars,2024-03-07,11963.91,446
Wilone O'Kielt,UK,Organic Choco Syrup,2024-07-12,5574.83,52
Madelene Upcott,USA,Orange Choco,2024-05-16,9205.15,144
Gunar Cockshoot,India,Smooth Sliky Salty,2024-03-02,4133.74,69
Marney O'Breen,New Zealand,85% Dark Bars,2024-05-30,1312.23,164
Marney O'Breen,UK,Manuka Honey Choco,2024-06-10,11735.75,185
Brien Boise,USA,99% Dark & Pure,2024-07-25,7650.76,358
Beverie Moffet,New Zealand,Mint Chip Choco,2024-06-09,4994.93,98
Dennison Crosswaite,USA,Milk Bars,2024-05-12,890.78,62
Gunar Cockshoot,USA,Drinking Coco,2024-05-09,4142.16,5
Brien Boise,Canada,Manuka Honey Choco,2024-08-09,7308.24,178
Van Tuxwell,India,Choco Coated Almonds,2024-04-13,6833.86,115
Andria Kimpton,USA,Caramel Stuffed Bars,2024-05-02,8878.27,47
Dotty Strutley,USA,99% Dark & Pure,2024-08-09,4134.93,307
Camilla Castle,Australia,Raspberry Choco,2024-08-23,6641.89,188
Gunar Cockshoot,India,Spicy Special Slims,2024-05-13,7117.3,174
Karlen McCaffrey,USA,Manuka Honey Choco,2024-02-01,11815.59,68
Camilla Castle,USA,50% Dark Bites,2024-06-23,6962.79,303
Madelene Upcott,UK,Choco Coated Almonds,2024-05-24,11786.42,147
Jan Morforth,Canada,Mint Chip Choco,2024-04-01,1200.19,224
Camilla Castle,Canada,70% Dark Bites,2024-07-27,10791.08,166
Ches Bonnell,India,Peanut Butter Cubes,2024-01-27,26170.95,224
Jan Morforth,India,Choco Coated Almonds,2024-08-12,2987.81,136
Gigi Bohling,Canada,Almond Choco,2024-02-01,11705.99,47
Rafaelita Blaksland,India,After Nines,2024-03-02,5256.03,201
Kelci Walkden,Australia,99% Dark & Pure,2024-06-30,3794.1,36
Dotty Strutley,Australia,Spicy Special Slims,2024-01-17,9655.3,97
Brien Boise,USA,Milk Bars,2024-07-07,16001.54,133
Mallorie Waber,New Zealand,Mint Chip Choco,2024-01-31,1386.1,104
Beverie Moffet,UK,99% Dark & Pure,2024-08-10,3821.76,122
Beverie Moffet,USA,Peanut Butter Cubes,2024-08-18,15722.43,351
Brien Boise,New Zealand,White Choc,2024-06-15,6287.25,340
Marney O'Breen,USA,Baker's Choco Chips,2024-01-26,9831.97,9
Kelci Walkden,USA,Spicy Special Slims,2024-04-29,90.36,73
Mallorie Waber,Canada,White Choc,2024-03-03,3799.5,71
Kaine Padly,Australia,Almond Choco,2024-02-22,4674.2,422
Oby Sorrel,USA,Smooth Sliky Salty,2024-03-04,4011.83,169
Dennison Crosswaite,India,Smooth Sliky Salty,2024-07-07,3429.85,9
Camilla Castle,New Zealand,Caramel Stuffed Bars,2024-06-17,4920.68,380
Jan Morforth,Canada,Caramel Stuffed Bars,2024-08-02,10049.72,118
Oby Sorrel,USA,Baker's Choco Chips,2024-08-12,8485.1,120
Madelene Upcott,New Zealand,Peanut Butter Cubes,2024-01-28,6030.31,351
Kelci Walkden,Australia,Orange Choco,2024-04-29,13331.77,443
Marney O'Breen,Australia,Manuka Honey Choco,2024-04-05,15245.95,233
Kaine Padly,Canada,Manuka Honey Choco,2024-01-18,11618.55,133
Jehu Rudeforth,UK,Baker's Choco Chips,2024-05-16,2629.59,98
Kelci Walkden,Australia,White Choc,2024-08-24,10089.49,168
Curtice Advani,India,85% Dark Bars,2024-01-18,308.24,402
Kaine Padly,USA,Eclairs,2024-08-22,7978.76,10
Gunar Cockshoot,UK,99% Dark & Pure,2024-03-07,8.16,84
Beverie Moffet,UK,Choco Coated Almonds,2024-03-04,3303.13,73
Dotty Strutley,Canada,Manuka Honey Choco,2024-04-22,13959.74,113
Kaine Padly,Australia,Milk Bars,2024-06-09,4251.42,91
Jan Morforth,Canada,Fruit & Nut Bars,2024-07-25,9885.53,217
Jan Morforth,India,Smooth Sliky Salty,2024-08-03,12864.47,93
Rafaelita Blaksland,Australia,Manuka Honey Choco,2024-08-03,5245.6,144
Jehu Rudeforth,UK,Milk Bars,2024-05-03,14345.5,219
Husein Augar,Canada,After Nines,2024-01-19,11462.19,288
Roddy Speechley,USA,50% Dark Bites,2024-02-11,11667.94,306
Van Tuxwell,India,Almond Choco,2024-06-14,7455.17,383
Kelci Walkden,USA,50% Dark Bites,2024-03-23,7203.64,234
Madelene Upcott,Canada,85% Dark Bars,2024-02-17,8081.58,105
Dennison Crosswaite,Canada,Smooth Sliky Salty,2024-03-17,2055.4,485
Mallorie Waber,Australia,Spicy Special Slims,2024-06-29,6476.09,304
Ches Bonnell,Canada,Choco Coated Almonds,2024-08-24,17490.08,289
Gigi Bohling,Canada,Spicy Special Slims,2024-07-04,13644.0,281
Roddy Speechley,New Zealand,Almond Choco,2024-03-28,2930.46,70
Curtice Advani,India,Smooth Sliky Salty,2024-04-19,22717.09,143
Ches Bonnell,New Zealand,Mint Chip Choco,2024-01-18,9471.72,248
Van Tuxwell,New Zealand,Fruit & Nut Bars,2024-01-17,3400.47,92
Andria Kimpton,New Zealand,Mint Chip Choco,2024-02-15,10696.21,201
Andria Kimpton,UK,Milk Bars,2024-02-11,17101.67,307
Camilla Castle,USA,Manuka Honey Choco,2024-03-21,18936.88,180
Gunar Cockshoot,New Zealand,Almond Choco,2024-01-05,6015.37,136
Brien Boise,India,Raspberry Choco,2024-05-30,7623.58,162
Jehu Rudeforth,USA,99% Dark & Pure,2024-01-04,2996.83,227
Beverie Moffet,Australia,Fruit & Nut Bars,2024-04-22,1718.97,260
Gigi Bohling,Canada,Milk Bars,2024-02-10,3523.33,114
Dotty Strutley,India,Spicy Special Slims,2024-08-12,1092.36,209
Gunar Cockshoot,USA,Organic Choco Syrup,2024-08-10,2495.71,310
Kelci Walkden,Australia,Raspberry Choco,2024-06-07,813.41,58
Jehu Rudeforth,India,Baker's Choco Chips,2024-06-06,2489.06,81
Karlen McCaffrey,New Zealand,Baker's Choco Chips,2024-04-05,5701.35,201
Wilone O'Kielt,USA,50% Dark Bites,2024-04-18,5084.32,126
Andria Kimpton,India,50% Dark Bites,2024-01-31,15789.48,16
Madelene Upcott,USA,Baker's Choco Chips,2024-08-22,6541.75,141
Jehu Rudeforth,Australia,99% Dark & Pure,2024-02-25,11409.11,217
Jan Morforth,Australia,Mint Chip Choco,2024-02-22,19258.41,99
Oby Sorrel,New Zealand,Milk Bars,2024-01-12,5074.86,201
Brien Boise,UK,Almond Choco,2024-05-25,115.9,120
Kelci Walkden,India,Smooth Sliky Salty,2024-02-01,2797.19,9
Rafaelita Blaksland,UK,Eclairs,2024-04-27,1608.04,75
Gigi Bohling,USA,Smooth Sliky Salty,2024-07-22,2960.99,133
Curtice Advani,New Zealand,Mint Chip Choco,2024-01-26,3703.51,260
Curtice Advani,USA,Mint Chip Choco,2024-08-24,5679.57,285
Madelene Upcott,New Zealand,Fruit & Nut Bars,2024-01-18,6764.17,20
Karlen McCaffrey,India,85% Dark Bars,2024-03-30,1108.85,87
Ches Bonnell,Australia,Caramel Stuffed Bars,2024-01-17,9477.32,160
Kelci Walkden,USA,Fruit & Nut Bars,2024-02-17,5301.93,155
Kelci Walkden,Canada,Peanut Butter Cubes,2024-04-08,8041.25,43
Gigi Bohling,Canada,Drinking Coco,2024-07-06,3716.17,89
Husein Augar,India,Fruit & Nut Bars,2024-04-04,4591.77,222
Jan Morforth,New Zealand,Organic Choco Syrup,2024-03-02,1928.33,217
Gigi Bohling,New Zealand,Raspberry Choco,2024-08-09,1225.12,186
Dennison Crosswaite,Australia,Milk Bars,2024-06-09,11326.55,296
Ches Bonnell,UK,Caramel Stuffed Bars,2024-06-02,3063.08,301
Van Tuxwell,USA,Fruit & Nut Bars,2024-07-05,7093.33,233
Andria Kimpton,Canada,Eclairs,2024-08-11,337.37,120
Madelene Upcott,India,Choco Coated Almonds,2024-02-11,3764.59,158
Kelci Walkden,New Zealand,Spicy Special Slims,2024-08-11,695.32,68
Roddy Speechley,Australia,Drinking Coco,2024-05-12,14609.99,111
Wilone O'Kielt,USA,Milk Bars,2024-07-15,5298.68,96
Andria Kimpton,India,Organic Choco Syrup,2024-01-18,4552.3,132
Madelene Upcott,UK,Fruit & Nut Bars,2024-01-05,9099.26,199
Curtice Advani,Australia,50% Dark Bites,2024-06-29,603.97,239
Brien Boise,Canada,Raspberry Choco,2024-06-14,3172.23,46
Gunar Cockshoot,India,Mint Chip Choco,2024-08-08,4737.32,74
Dennison Crosswaite,India,Mint Chip Choco,2024-03-23,15201.56,142
Barr Faughny,India,Caramel Stuffed Bars,2024-01-04,7912.62,106
Brien Boise,India,Milk Bars,2024-02-22,14190.78,269
Beverie Moffet,UK,Spicy Special Slims,2024-02-17,9327.08,259
Barr Faughny,USA,Almond Choco,2024-02-03,434.42,83
Van Tuxwell,Canada,Raspberry Choco,2024-03-17,1497.58,132
Wilone O'Kielt,Australia,Baker's Choco Chips,2024-01-25,3124.74,155
Brien Boise,Australia,Milk Bars,2024-07-27,2356.21,54
Husein Augar,Australia,Fruit & Nut Bars,2024-01-28,8548.0,55
Madelene Upcott,Australia,Organic Choco Syrup,2024-07-05,12094.34,52
Van Tuxwell,India,White Choc,2024-03-15,2119.42,46
Gunar Cockshoot,Canada,After Nines,2024-08-04,3038.32,220
Jan Morforth,USA,Fruit & Nut Bars,2024-06-27,5187.72,382
Jan Morforth,Canada,After Nines,2024-07-13,5384.52,180
Barr Faughny,New Zealand,Manuka Honey Choco,2024-02-24,6575.07,249
Karlen McCaffrey,New Zealand,85% Dark Bars,2024-06-28,6350.37,59
Oby Sorrel,Australia,85% Dark Bars,2024-06-30,7488.06,28
Curtice Advani,Canada,Choco Coated Almonds,2024-08-18,6997.57,7
Kaine Padly,India,70% Dark Bites,2024-01-24,13081.57,324
Beverie Moffet,USA,White Choc,2024-03-11,5964.72,136
Ches Bonnell,New Zealand,After Nines,2024-06-23,6651.11,377
Husein Augar,India,Spicy Special Slims,2024-08-22,2606.11,31
Gunar Cockshoot,Canada,50% Dark Bites,2024-01-04,3615.98,24
Curtice Advani,India,Milk Bars,2024-04-05,3658.27,210
Beverie Moffet,India,Milk Bars,2024-04-15,1997.46,314
Husein Augar,Australia,White Choc,2024-05-11,3618.67,213
Andria Kimpton,Canada,Manuka Honey Choco,2024-07-21,5538.85,492
Jan Morforth,New Zealand,Orange Choco,2024-02-11,1382.49,86
Andria Kimpton,Canada,Smooth Sliky Salty,2024-07-08,1223.79,81
Gunar Cockshoot,UK,Raspberry Choco,2024-08-11,8043.29,344
Husein Augar,New Zealand,After Nines,2024-08-04,6878.47,7
Andria Kimpton,New Zealand,Orange Choco,2024-06-14,9420.22,94
Dennison Crosswaite,UK,Baker's Choco Chips,2024-01-17,2516.34,293
Jehu Rudeforth,Canada,Orange Choco,2024-06-23,4334.75,529
Jehu Rudeforth,UK,Smooth Sliky Salty,2024-08-24,1588.49,111
Andria Kimpton,UK,Caramel Stuffed Bars,2024-06-07,8959.38,271
Jan Morforth,UK,White Choc,2024-06-22,9409.06,46
Dotty Strutley,USA,Fruit & Nut Bars,2024-07-13,3315.64,268
Kelci Walkden,UK,Choco Coated Almonds,2024-05-24,10920.7,210
Gunar Cockshoot,New Zealand,After Nines,2024-08-09,7605.55,154
Kaine Padly,Canada,85% Dark Bars,2024-04-06,1859.96,33
Jan Morforth,New Zealand,Manuka Honey Choco,2024-07-28,1743.87,259
Gunar Cockshoot,New Zealand,Raspberry Choco,2024-08-24,758.28,57
Van Tuxwell,Australia,99% Dark & Pure,2024-01-17,125.37,138
Curtice Advani,USA,Drinking Coco,2024-02-07,6170.75,149
Brien Boise,Australia,Spicy Special Slims,2024-05-09,6867.13,273
Mallorie Waber,New Zealand,85% Dark Bars,2024-06-06,8775.45,113
Wilone O'Kielt,USA,Choco Coated Almonds,2024-06-06,10422.84,6
Beverie Moffet,New Zealand,Organic Choco Syrup,2024-05-24,7402.04,231
Gunar Cockshoot,UK,50% Dark Bites,2024-01-13,2498.04,129
Marney O'Breen,USA,Raspberry Choco,2024-05-23,6873.56,152
Jehu Rudeforth,UK,White Choc,2024-06-29,2015.93,304
Jehu Rudeforth,New Zealand,85% Dark Bars,2024-03-11,8077.51,95
Dotty Strutley,USA,85% Dark Bars,2024-04-25,11149.46,538
Rafaelita Blaksland,Australia,Smooth Sliky Salty,2024-05-30,4739.39,236
Curtice Advani,India,Manuka Honey Choco,2024-05-23,1844.54,185
Mallorie Waber,USA,Peanut Butter Cubes,2024-05-23,1263.98,19
Van Tuxwell,Canada,Peanut Butter Cubes,2024-06-24,7527.84,306
Kelci Walkden,New Zealand,Smooth Sliky Salty,2024-03-11,12265.45,268
Rafaelita Blaksland,USA,Smooth Sliky Salty,2024-07-27,17662.05,230
Rafaelita Blaksland,USA,White Choc,2024-08-16,5520.0,120
Roddy Speechley,Canada,Smooth Sliky Salty,2024-03-07,10712.76,11
Curtice Advani,New Zealand,After Nines,2024-04-05,8416.8,29
Camilla Castle,India,85% Dark Bars,2024-05-04,9986.05,54
Ches Bonnell,USA,Choco Coated Almonds,2024-01-04,15629.82,89
Marney O'Breen,Australia,Baker's Choco Chips,2024-01-13,6224.33,100
Wilone O'Kielt,New Zealand,Fruit & Nut Bars,2024-07-11,7736.85,95
Kaine Padly,Australia,Mint Chip Choco,2024-05-17,4860.75,162
Camilla Castle,New Zealand,Peanut Butter Cubes,2024-07-21,1754.64,62
Curtice Advani,Canada,Organic Choco Syrup,2024-02-22,897.13,24
Jan Morforth,India,99% Dark & Pure,2024-05-23,10607.29,182
Rafaelita Blaksland,Canada,Drinking Coco,2024-07-12,10772.0,192
Jan Morforth,UK,Orange Choco,2024-06-15,4116.96,203
Barr Faughny,New Zealand,50% Dark Bites,2024-06-23,5185.36,321
Curtice Advani,Australia,Eclairs,2024-03-25,6974.95,58
Jan Morforth,India,Caramel Stuffed Bars,2024-07-04,99.5,161
Andria Kimpton,UK,White Choc,2024-05-12,10203.47,109
Camilla Castle,New Zealand,Raspberry Choco,2024-04-04,5081.52,148
Madelene Upcott,Australia,Orange Choco,2024-04-15,7166.62,381
Roddy Speechley,Canada,Eclairs,2024-03-08,7026.54,95
Karlen McCaffrey,India,White Choc,2024-01-17,8265.32,251
Wilone O'Kielt,India,Mint Chip Choco,2024-08-22,1516.19,53
Andria Kimpton,UK,99% Dark & Pure,2024-07-25,1258.54,72
Marney O'Breen,UK,50% Dark Bites,2024-06-14,3506.38,126
Ches Bonnell,India,Choco Coated Almonds,2024-04-05,10969.0,83
Madelene Upcott,UK,Raspberry Choco,2024-08-26,8442.19,347
Wilone O'Kielt,Australia,50% Dark Bites,2024-08-03,11000.85,112
Gigi Bohling,Canada,White Choc,2024-07-11,6987.59,4
Wilone O'Kielt,New Zealand,Eclairs,2024-03-11,3735.0,21
Brien Boise,UK,Peanut Butter Cubes,2024-01-10,17346.79,32
Roddy Speechley,UK,Baker's Choco Chips,2024-04-04,16517.2,349
Karlen McCaffrey,Australia,50% Dark Bites,2024-01-17,7642.94,778
Marney O'Breen,New Zealand,Organic Choco Syrup,2024-07-08,10337.23,49
Jan Morforth,UK,Organic Choco Syrup,2024-04-12,1367.24,384
Rafaelita Blaksland,Canada,Fruit & Nut Bars,2024-08-24,570.58,191
Ches Bonnell,UK,Choco Coated Almonds,2024-06-07,2012.27,259
Gunar Cockshoot,Canada,Almond Choco,2024-07-28,1469.24,29
Husein Augar,USA,99% Dark & Pure,2024-02-21,10020.18,113
Dennison Crosswaite,Canada,Mint Chip Choco,2024-04-08,1914.65,304
Brien Boise,UK,Manuka Honey Choco,2024-06-28,73.91,101
Van Tuxwell,UK,Baker's Choco Chips,2024-03-24,2794.33,21
Barr Faughny,Australia,Caramel Stuffed Bars,2024-07-29,3192.06,54
Dennison Crosswaite,USA,Eclairs,2024-05-25,2447.37,98
Gigi Bohling,Australia,Raspberry Choco,2024-03-30,7696.46,313
Dennison Crosswaite,USA,Organic Choco Syrup,2024-07-18,14731.55,132
Beverie Moffet,Canada,Orange Choco,2024-05-10,9321.64,111
Mallorie Waber,Australia,Choco Coated Almonds,2024-03-18,18473.63,88
Ches Bonnell,India,Caramel Stuffed Bars,2024-06-15,7437.55,54
Van Tuxwell,Canada,50% Dark Bites,2024-05-12,14581.33,58
Kelci Walkden,New Zealand,Baker's Choco Chips,2024-06-23,3389.96,115
Beverie Moffet,India,Spicy Special Slims,2024-04-21,3968.38,182
Gigi Bohling,Australia,Almond Choco,2024-08-17,1084.26,120
Rafaelita Blaksland,New Zealand,Eclairs,2024-02-07,20690.2,51
Kelci Walkden,Canada,Smooth Sliky Salty,2024-03-17,8929.57,121
Jan Morforth,India,Baker's Choco Chips,2024-08-01,15497.27,85
Jehu Rudeforth,Australia,Milk Bars,2024-03-18,9172.13,30
Gigi Bohling,Canada,Fruit & Nut Bars,2024-06-14,6093.61,104
Beverie Moffet,UK,Eclairs,2024-04-22,9144.79,156
Marney O'Breen,New Zealand,Eclairs,2024-01-18,5902.91,31
Husein Augar,Australia,99% Dark & Pure,2024-08-26,3277.47,131
Gunar Cockshoot,New Zealand,Fruit & Nut Bars,2024-06-10,9759.53,424
Curtice Advani,Canada,70% Dark Bites,2024-01-31,2504.9,7
Kelci Walkden,New Zealand,Manuka Honey Choco,2024-04-08,1527.99,107
Dotty Strutley,Australia,Baker's Choco Chips,2024-06-07,3767.49,65
Barr Faughny,Australia,85% Dark Bars,2024-02-10,9452.18,42
Beverie Moffet,Australia,50% Dark Bites,2024-05-16,764.63,441
Gunar Cockshoot,India,Baker's Choco Chips,2024-03-18,2432.75,535
Van Tuxwell,Australia,50% Dark Bites,2024-07-13,779.04,134
Oby Sorrel,USA,Manuka Honey Choco,2024-07-25,5050.53,85
Van Tuxwell,Canada,Choco Coated Almonds,2024-08-19,2727.35,293
Karlen McCaffrey,Canada,70% Dark Bites,2024-06-24,9089.21,602
Kelci Walkden,Canada,Fruit & Nut Bars,2024-06-20,881.49,152
Camilla Castle,India,99% Dark & Pure,2024-08-02,227.55,225
Madelene Upcott,New Zealand,70% Dark Bites,2024-02-22,14193.58,102
Mallorie Waber,New Zealand,Orange Choco,2024-02-01,7459.88,23
Jan Morforth,Canada,70% Dark Bites,2024-02-14,6578.55,312
Kelci Walkden,Australia,Milk Bars,2024-02-24,8975.44,137
Dennison Crosswaite,India,Orange Choco,2024-03-18,852.29,123
Husein Augar,UK,Eclairs,2024-08-30,1955.2,250
Gigi Bohling,USA,Peanut Butter Cubes,2024-05-09,323.29,72
Wilone O'Kielt,USA,Smooth Sliky Salty,2024-01-18,542.39,86
Curtice Advani,India,White Choc,2024-07-04,7666.62,347
Oby Sorrel,New Zealand,Spicy Special Slims,2024-06-03,1826.32,13
Beverie Moffet,New Zealand,Peanut Butter Cubes,2024-02-23,11510.68,30
Dotty Strutley,New Zealand,99% Dark & Pure,2024-05-09,12263.85,223
Kelci Walkden,India,70% Dark Bites,2024-06-06,3878.6,108
Kelci Walkden,India,Drinking Coco,2024-07-04,8328.52,238
Brien Boise,New Zealand,Drinking Coco,2024-06-06,1666.46,98
Dotty Strutley,Australia,Almond Choco,2024-05-13,1754.11,95
Wilone O'Kielt,New Zealand,Organic Choco Syrup,2024-01-31,2390.7,274
Ches Bonnell,New Zealand,Caramel Stuffed Bars,2024-06-30,8546.72,41
Barr Faughny,Canada,Manuka Honey Choco,2024-08-25,4115.57,274
Gigi Bohling,New Zealand,Smooth Sliky Salty,2024-01-10,787.38,95
Brien Boise,USA,Manuka Honey Choco,2024-08-22,2095.78,8
Roddy Speechley,New Zealand,85% Dark Bars,2024-04-14,5220.8,267
Oby Sorrel,UK,Smooth Sliky Salty,2024-05-31,11264.45,340
Oby Sorrel,UK,Raspberry Choco,2024-04-08,5477.33,341
Roddy Speechley,USA,Drinking Coco,2024-02-21,3389.0,160
Andria Kimpton,Australia,Manuka Honey Choco,2024-03-30,11559.52,413
Mallorie Waber,India,Raspberry Choco,2024-03-02,1676.82,2
Jehu Rudeforth,USA,Orange Choco,2024-07-28,437.48,174
Kaine Padly,New Zealand,70% Dark Bites,2024-03-24,8487.63,40
Curtice Advani,Australia,After Nines,2024-08-11,71.99,101
Husein Augar,UK,Almond Choco,2024-05-17,9863.62,167
Kaine Padly,Canada,Choco Coated Almonds,2024-05-18,3468.53,166
Roddy Speechley,UK,Peanut Butter Cubes,2024-08-17,6770.35,173
Ches Bonnell,New Zealand,Eclairs,2024-04-04,564.14,50
Brien Boise,India,85% Dark Bars,2024-08-09,21044.07,210
Brien Boise,New Zealand,Organic Choco Syrup,2024-01-17,677.38,327
Andria Kimpton,Canada,White Choc,2024-02-14,4368.01,29
Gigi Bohling,New Zealand,Orange Choco,2024-05-16,9866.2,306
Ches Bonnell,Canada,Smooth Sliky Salty,2024-03-16,10723.86,125
Husein Augar,Canada,70% Dark Bites,2024-01-31,5443.42,284
Barr Faughny,Canada,Organic Choco Syrup,2024-03-10,1312.35,200
Oby Sorrel,UK,Organic Choco Syrup,2024-06-30,8471.68,162
Van Tuxwell,New Zealand,Eclairs,2024-03-01,5774.6,178
Mallorie Waber,UK,Drinking Coco,2024-05-27,3780.02,97
Oby Sorrel,UK,Milk Bars,2024-07-11,6831.03,243
Karlen McCaffrey,New Zealand,Mint Chip Choco,2024-03-02,4834.51,63
Jehu Rudeforth,USA,Raspberry Choco,2024-03-04,8119.65,143
Kelci Walkden,UK,85% Dark Bars,2024-06-23,4811.88,242
Kelci Walkden,USA,Almond Choco,2024-01-27,5930.01,252
Marney O'Breen,Canada,Orange Choco,2024-01-14,3040.05,426
Dennison Crosswaite,India,Fruit & Nut Bars,2024-07-29,1126.87,23
Brien Boise,Canada,Smooth Sliky Salty,2024-05-13,6051.65,490
Barr Faughny,Canada,Baker's Choco Chips,2024-02-03,12279.35,162
Brien Boise,India,Smooth Sliky Salty,2024-05-27,7091.66,28
Jan Morforth,Australia,Drinking Coco,2024-02-18,3160.97,25
Brien Boise,India,Spicy Special Slims,2024-01-28,1408.28,35
Van Tuxwell,UK,Eclairs,2024-06-29,5776.61,114
Wilone O'Kielt,India,Caramel Stuffed Bars,2024-01-13,4890.59,274
Jehu Rudeforth,UK,After Nines,2024-06-27,2048.13,172
Barr Faughny,Canada,White Choc,2024-03-29,4590.46,1
Gunar Cockshoot,India,Organic Choco Syrup,2024-06-03,8665.99,162
Mallorie Waber,Canada,Smooth Sliky Salty,2024-03-21,2202.46,97
Mallorie Waber,India,Eclairs,2024-04-12,11720.11,48
Rafaelita Blaksland,Australia,Raspberry Choco,2024-01-19,7884.86,266
Karlen McCaffrey,UK,50% Dark Bites,2024-04-06,3857.88,303
Kaine Padly,Australia,50% Dark Bites,2024-08-02,10123.96,84
Gigi Bohling,Australia,Eclairs,2024-04-12,8170.88,137
Oby Sorrel,India,Drinking Coco,2024-07-21,19390.61,141
Van Tuxwell,New Zealand,Baker's Choco Chips,2024-03-22,10197.43,24
Husein Augar,India,Peanut Butter Cubes,2024-05-09,5188.18,5
Andria Kimpton,Australia,Baker's Choco Chips,2024-08-09,350.27,117
Madelene Upcott,Canada,Choco Coated Almonds,2024-07-20,3766.32,300
Brien Boise,India,70% Dark Bites,2024-04-14,4888.37,435
Jehu Rudeforth,Canada,White Choc,2024-01-25,5230.36,142
Andria Kimpton,Australia,Almond Choco,2024-04-25,3790.18,168
Dotty Strutley,Canada,After Nines,2024-01-17,302.18,233
Karlen McCaffrey,USA,Eclairs,2024-08-15,1017.17,123
Karlen McCaffrey,Canada,Fruit & Nut Bars,2024-06-02,241.36,17
Gunar Cockshoot,USA,85% Dark Bars,2024-06-30,8347.3,138
Dotty Strutley,New Zealand,Raspberry Choco,2024-02-10,6291.74,88
Marney O'Breen,Canada,Caramel Stuffed Bars,2024-02-23,1543.77,674
Dennison Crosswaite,India,Organic Choco Syrup,2024-01-27,9744.5,225
Camilla Castle,UK,Mint Chip Choco,2024-05-26,5414.75,325
Brien Boise,USA,70% Dark Bites,2024-04-14,1898.07,22
Madelene Upcott,Australia,99% Dark & Pure,2024-08-01,4911.08,163
Mallorie Waber,Australia,Eclairs,2024-08-22,11293.17,219
Marney O'Breen,India,99% Dark & Pure,2024-07-22,12398.37,161
Husein Augar,USA,Fruit & Nut Bars,2024-04-28,1508.57,28
Kelci Walkden,Australia,Almond Choco,2024-05-30,5869.09,354
Ches Bonnell,USA,Milk Bars,2024-07-21,2770.47,159
Jan Morforth,UK,Caramel Stuffed Bars,2024-08-02,3541.73,494
Brien Boise,New Zealand,70% Dark Bites,2024-06-15,7624.41,139
Oby Sorrel,India,85% Dark Bars,2024-07-05,9928.42,130
Kaine Padly,New Zealand,Smooth Sliky Salty,2024-04-12,7.67,548
Gigi Bohling,Australia,70% Dark Bites,2024-08-18,1624.86,103
Jan Morforth,UK,50% Dark Bites,2024-01-12,6301.56,287
Gunar Cockshoot,Canada,White Choc,2024-08-11,8578.4,15
Jehu Rudeforth,Australia,Spicy Special Slims,2024-01-13,5573.57,372
Husein Augar,UK,Baker's Choco Chips,2024-04-29,3465.68,133
Rafaelita Blaksland,New Zealand,After Nines,2024-07-07,1245.91,90
Madelene Upcott,New Zealand,Mint Chip Choco,2024-03-11,8888.61,4
Madelene Upcott,UK,70% Dark Bites,2024-02-16,5931.82,243
Barr Faughny,Australia,Organic Choco Syrup,2024-01-07,2620.66,34
Beverie Moffet,New Zealand,Drinking Coco,2024-01-12,1284.37,560
Beverie Moffet,India,Eclairs,2024-06-09,11033.61,155
Andria Kimpton,India,Eclairs,2024-05-16,2413.05,82
Gigi Bohling,UK,85% Dark Bars,2024-06-23,13136.08,90
Roddy Speechley,UK,Raspberry Choco,2024-01-28,14297.82,211
Dotty Strutley,UK,Mint Chip Choco,2024-07-14,2837.65,212
Barr Faughny,Canada,Drinking Coco,2024-04-18,7496.03,259
Oby Sorrel,USA,Milk Bars,2024-06-14,1815.29,79
Oby Sorrel,UK,Orange Choco,2024-04-15,8250.03,228
Curtice Advani,Canada,Peanut Butter Cubes,2024-05-19,5605.82,64
Gigi Bohling,India,White Choc,2024-04-13,1563.39,179
Husein Augar,Canada,Choco Coated Almonds,2024-08-15,3997.02,411
Wilone O'Kielt,India,Choco Coated Almonds,2024-08-22,3284.22,230
Wilone O'Kielt,New Zealand,Baker's Choco Chips,2024-04-22,4609.67,58
Kaine Padly,UK,Choco Coated Almonds,2024-08-03,9412.06,123
Dennison Crosswaite,New Zealand,Organic Choco Syrup,2024-01-04,427.36,249
Kelci Walkden,Canada,After Nines,2024-01-13,19449.02,204
Van Tuxwell,Australia,Baker's Choco Chips,2024-05-11,14122.44,32
Husein Augar,New Zealand,Peanut Butter Cubes,2024-02-16,2257.14,231
Kaine Padly,UK,Caramel Stuffed Bars,2024-05-20,11334.21,72
Jehu Rudeforth,UK,Drinking Coco,2024-02-03,7865.93,436
Beverie Moffet,India,Manuka Honey Choco,2024-05-06,11462.32,172
Gunar Cockshoot,UK,Choco Coated Almonds,2024-06-30,6154.53,132
Gunar Cockshoot,UK,Smooth Sliky Salty,2024-03-22,867.5,143
Camilla Castle,Canada,Orange Choco,2024-02-17,9056.1,58
Jehu Rudeforth,UK,85% Dark Bars,2024-07-07,6569.4,66
Oby Sorrel,UK,70% Dark Bites,2024-03-16,7431.0,180
Kelci Walkden,UK,99% Dark & Pure,2024-08-12,3672.65,124
Gigi Bohling,New Zealand,After Nines,2024-01-21,6464.8,189
Oby Sorrel,Australia,50% Dark Bites,2024-05-06,813.58,163
Oby Sorrel,Canada,50% Dark Bites,2024-06-24,7301.81,134
Barr Faughny,USA,White Choc,2024-05-05,8523.42,171
Rafaelita Blaksland,New Zealand,99% Dark & Pure,2024-03-25,3822.64,85
Curtice Advani,Australia,Caramel Stuffed Bars,2024-02-14,10219.39,139
Curtice Advani,New Zealand,85% Dark Bars,2024-05-12,5798.43,206
Barr Faughny,New Zealand,Smooth Sliky Salty,2024-01-25,4487.01,184
Ches Bonnell,UK,85% Dark Bars,2024-06-28,17237.67,13
Dennison Crosswaite,Australia,Drinking Coco,2024-07-13,7497.22,184
Roddy Speechley,USA,Milk Bars,2024-05-16,3034.06,245
Jan Morforth,India,After Nines,2024-03-14,6795.06,177
Gunar Cockshoot,USA,After Nines,2024-08-15,4273.09,280
Ches Bonnell,India,Orange Choco,2024-02-16,1412.6,278
Mallorie Waber,UK,Manuka Honey Choco,2024-06-15,9852.89,43
Barr Faughny,Australia,Raspberry Choco,2024-05-27,10744.23,105
Wilone O'Kielt,USA,Drinking Coco,2024-06-14,1213.63,101
Wilone O'Kielt,India,Eclairs,2024-02-25,4263.93,80
Wilone O'Kielt,India,After Nines,2024-08-04,13808.46,270
Kelci Walkden,India,99% Dark & Pure,2024-06-28,2411.93,248
Gunar Cockshoot,Canada,Spicy Special Slims,2024-04-05,14603.41,12
Madelene Upcott,Canada,Peanut Butter Cubes,2024-07-05,17813.77,120
Kaine Padly,New Zealand,Eclairs,2024-01-20,14346.28,48
Ches Bonnell,New Zealand,Drinking Coco,2024-02-16,10009.51,144
Curtice Advani,UK,Drinking Coco,2024-07-12,494.27,186
Kelci Walkden,India,Raspberry Choco,2024-06-16,9118.67,253
Dotty Strutley,Australia,Choco Coated Almonds,2024-04-13,1751.26,293
Kaine Padly,UK,50% Dark Bites,2024-02-21,3402.47,69
Roddy Speechley,Canada,Choco Coated Almonds,2024-05-11,6841.28,237
Ches Bonnell,India,50% Dark Bites,2024-04-15,12584.46,328
Oby Sorrel,Canada,Peanut Butter Cubes,2024-06-07,14291.3,179
Oby Sorrel,UK,White Choc,2024-06-27,1998.41,303
Barr Faughny,India,After Nines,2024-07-29,9558.06,117
Wilone O'Kielt,Canada,Smooth Sliky Salty,2024-06-02,5594.84,174
Rafaelita Blaksland,India,Mint Chip Choco,2024-01-26,16520.75,84
Rafaelita Blaksland,Canada,99% Dark & Pure,2024-03-02,5545.62,139
Van Tuxwell,Australia,70% Dark Bites,2024-01-10,8260.58,108
Beverie Moffet,USA,70% Dark Bites,2024-06-27,2636.16,110
Barr Faughny,Canada,Orange Choco,2024-06-30,8285.38,18
Roddy Speechley,Australia,85% Dark Bars,2024-07-08,4590.0,78
Oby Sorrel,India,Spicy Special Slims,2024-06-08,13189.14,95
Jan Morforth,UK,Manuka Honey Choco,2024-08-18,3768.3,212
Kaine Padly,Australia,After Nines,2024-04-08,7962.71,293
Wilone O'Kielt,Canada,Fruit & Nut Bars,2024-08-08,3665.13,191
Wilone O'Kielt,UK,Milk Bars,2024-08-26,334.81,66
Oby Sorrel,Canada,Fruit & Nut Bars,2024-01-14,2187.5,159
Dennison Crosswaite,USA,Baker's Choco Chips,2024-08-11,18481.73,295
Madelene Upcott,USA,Almond Choco,2024-05-31,11863.69,24
Van Tuxwell,New Zealand,50% Dark Bites,2024-07-11,4332.41,10
Karlen McCaffrey,Canada,Caramel Stuffed Bars,2024-03-02,3653.33,327
Madelene Upcott,Australia,Raspberry Choco,2024-07-13,7023.94,89
Rafaelita Blaksland,UK,Spicy Special Slims,2024-08-03,10001.95,132
Curtice Advani,UK,Peanut Butter Cubes,2024-03-01,16460.65,171
Kelci Walkden,New Zealand,White Choc,2024-04-13,8575.27,165
Beverie Moffet,Canada,Fruit & Nut Bars,2024-02-14,12191.42,177
Mallorie Waber,India,White Choc,2024-07-26,969.15,233
Brien Boise,UK,Drinking Coco,2024-01-27,6498.96,143
Jehu Rudeforth,India,Peanut Butter Cubes,2024-04-14,33.68,487
Oby Sorrel,USA,Almond Choco,2024-05-19,7640.61,154
Husein Augar,India,Eclairs,2024-02-09,5596.93,62
Brien Boise,UK,Spicy Special Slims,2024-05-25,2639.55,59
Oby Sorrel,Australia,Manuka Honey Choco,2024-01-26,4626.87,78
Beverie Moffet,India,White Choc,2024-07-04,1900.09,297
Ches Bonnell,India,Almond Choco,2024-04-13,13315.47,72
Gigi Bohling,Australia,Smooth Sliky Salty,2024-01-25,6359.09,121
Camilla Castle,USA,85% Dark Bars,2024-04-25,2644.65,83
Camilla Castle,USA,Eclairs,2024-06-10,4879.55,427
Madelene Upcott,New Zealand,White Choc,2024-08-22,11572.5,51
Van Tuxwell,India,After Nines,2024-06-27,15626.93,225
Husein Augar,India,Orange Choco,2024-06-30,4781.14,38
Jehu Rudeforth,India,Almond Choco,2024-08-30,11793.4,101
Karlen McCaffrey,Australia,Raspberry Choco,2024-08-23,1061.03,58
Camilla Castle,New Zealand,99% Dark & Pure,2024-08-26,2499.92,44
Gigi Bohling,Australia,Orange Choco,2024-03-09,676.29,158
Kelci Walkden,UK,Drinking Coco,2024-04-20,1886.06,23
Mallorie Waber,Canada,Caramel Stuffed Bars,2024-06-10,5093.92,524
Husein Augar,Australia,Organic Choco Syrup,2024-02-08,1018.8,157
Brien Boise,Australia,White Choc,2024-08-25,5616.77,23
Dotty Strutley,India,Peanut Butter Cubes,2024-02-16,10461.82,78
Dennison Crosswaite,UK,99% Dark & Pure,2024-05-30,12841.79,26
Gigi Bohling,New Zealand,50% Dark Bites,2024-06-29,6723.42,67
Gigi Bohling,USA,Milk Bars,2024-06-16,521.35,127
Brien Boise,UK,Caramel Stuffed Bars,2024-03-04,3106.11,159
Curtice Advani,New Zealand,Peanut Butter Cubes,2024-03-15,1684.28,419
Curtice Advani,New Zealand,50% Dark Bites,2024-01-27,11226.14,84
Beverie Moffet,Canada,Drinking Coco,2024-07-05,1172.53,124
Barr Faughny,USA,Caramel Stuffed Bars,2024-03-29,3917.13,287
Mallorie Waber,Canada,Almond Choco,2024-05-12,4871.07,33
Oby Sorrel,USA,Drinking Coco,2024-03-11,9306.64,48
Brien Boise,New Zealand,Eclairs,2024-07-11,5270.33,323
Gunar Cockshoot,New Zealand,Choco Coated Almonds,2024-08-01,14722.35,61
Gunar Cockshoot,UK,Spicy Special Slims,2024-02-16,13444.87,197
Curtice Advani,USA,After Nines,2024-04-13,14885.97,248
Oby Sorrel,India,Choco Coated Almonds,2024-02-14,53.31,371
Ches Bonnell,Australia,Peanut Butter Cubes,2024-03-14,11767.94,68
Oby Sorrel,Australia,Spicy Special Slims,2024-04-26,12897.53,25
Jehu Rudeforth,Canada,Manuka Honey Choco,2024-04-05,3867.62,214
Camilla Castle,Canada,Drinking Coco,2024-03-03,13524.05,253
Kaine Padly,USA,Spicy Special Slims,2024-06-13,2319.1,189
Marney O'Breen,New Zealand,70% Dark Bites,2024-02-14,9036.58,377
Roddy Speechley,New Zealand,99% Dark & Pure,2024-04-18,8905.53,201
Oby Sorrel,New Zealand,85% Dark Bars,2024-02-01,4040.65,423
Dotty Strutley,New Zealand,Orange Choco,2024-08-04,2204.17,145
Andria Kimpton,New Zealand,Almond Choco,2024-04-05,7037.21,172
Karlen McCaffrey,Australia,99% Dark & Pure,2024-01-26,12285.41,175
Kaine Padly,UK,After Nines,2024-01-21,21812.86,183
Kaine Padly,Canada,After Nines,2024-08-22,6707.97,187
Kaine Padly,UK,Drinking Coco,2024-01-27,2513.58,226
Rafaelita Blaksland,UK,50% Dark Bites,2024-02-16,11491.21,71
Dotty Strutley,USA,Raspberry Choco,2024-01-03,3762.58,49
Karlen McCaffrey,USA,White Choc,2024-08-24,5158.01,2
Oby Sorrel,USA,Spicy Special Slims,2024-02-07,6660.69,418
Mallorie Waber,Australia,Smooth Sliky Salty,2024-02-11,4786.05,107
Kaine Padly,Canada,Organic Choco Syrup,2024-03-29,6797.67,82
Marney O'Breen,USA,Peanut Butter Cubes,2024-06-15,782.24,348
Dennison Crosswaite,UK,Smooth Sliky Salty,2024-04-26,653.1,136
Brien Boise,Australia,Organic Choco Syrup,2024-07-15,4768.88,281
Beverie Moffet,India,Organic Choco Syrup,2024-06-23,1123.57,19
Dennison Crosswaite,Australia,Baker's Choco Chips,2024-01-11,16435.38,425
Beverie Moffet,UK,50% Dark Bites,2024-02-09,2922.18,289
Van Tuxwell,UK,Almond Choco,2024-06-06,12123.84,222
Dotty Strutley,UK,Caramel Stuffed Bars,2024-08-10,6448.87,244
Wilone O'Kielt,Australia,Smooth Sliky Salty,2024-01-04,2587.61,44
Andria Kimpton,Canada,70% Dark Bites,2024-04-08,12109.0,16
Barr Faughny,UK,Milk Bars,2024-03-02,4482.33,467
Van Tuxwell,Canada,Drinking Coco,2024-06-15,5294.88,679
Jehu Rudeforth,Australia,After Nines,2024-02-14,5512.57,46
Husein Augar,UK,After Nines,2024-07-05,3707.27,392
Barr Faughny,India,Mint Chip Choco,2024-01-12,7899.01,461
Curtice Advani,India,Mint Chip Choco,2024-03-03,9813.42,100
Jehu Rudeforth,New Zealand,Milk Bars,2024-05-18,2845.74,197
Gunar Cockshoot,India,Caramel Stuffed Bars,2024-07-28,2941.72,220
Curtice Advani,UK,Manuka Honey Choco,2024-02-07,1969.62,114
Andria Kimpton,India,Orange Choco,2024-05-30,339.64,452
Mallorie Waber,Australia,Raspberry Choco,2024-04-25,8818.17,29
Beverie Moffet,Canada,85% Dark Bars,2024-02-16,6829.86,46
Kelci Walkden,Australia,Drinking Coco,2024-05-04,1370.19,58
Van Tuxwell,Canada,70% Dark Bites,2024-06-02,7731.47,77
Dennison Crosswaite,USA,Caramel Stuffed Bars,2024-07-11,2757.16,463
Beverie Moffet,New Zealand,Spicy Special Slims,2024-06-07,70.19,63
Jan Morforth,UK,Almond Choco,2024-07-06,10817.45,151
Husein Augar,India,Raspberry Choco,2024-06-15,11595.41,153
Dotty Strutley,India,Mint Chip Choco,2024-04-14,1375.22,231
Camilla Castle,India,Drinking Coco,2024-08-08,503.52,167
Marney O'Breen,UK,Drinking Coco,2024-03-29,1135.16,27
Roddy Speechley,Australia,Organic Choco Syrup,2024-07-04,4375.45,79
Ches Bonnell,India,99% Dark & Pure,2024-02-16,536.74,102
Rafaelita Blaksland,Canada,Spicy Special Slims,2024-05-02,2702.08,164
Van Tuxwell,India,Eclairs,2024-07-21,11064.27,104
Gunar Cockshoot,Australia,99% Dark & Pure,2024-08-18,8861.83,226
Kaine Padly,USA,85% Dark Bars,2024-06-22,564.67,256
Camilla Castle,UK,Peanut Butter Cubes,2024-07-19,5267.69,120
Madelene Upcott,UK,Peanut Butter Cubes,2024-08-12,8698.47,89
Madelene Upcott,USA,Choco Coated Almonds,2024-06-07,6025.6,137
Marney O'Breen,Canada,Peanut Butter Cubes,2024-03-08,7032.54,87
Ches Bonnell,Australia,Choco Coated Almonds,2024-04-08,1572.79,176
Curtice Advani,Canada,Eclairs,2024-05-06,857.34,197
Roddy Speechley,India,Drinking Coco,2024-05-31,4899.47,11
Van Tuxwell,Australia,Mint Chip Choco,2024-01-13,2924.06,295
Dennison Crosswaite,USA,70% Dark Bites,2024-03-15,730.06,78
Andria Kimpton,Canada,Peanut Butter Cubes,2024-02-16,1348.05,332
Gigi Bohling,USA,70% Dark Bites,2024-01-14,8561.59,204
Rafaelita Blaksland,Australia,White Choc,2024-03-21,7326.91,102
Roddy Speechley,Canada,Drinking Coco,2024-05-17,8196.93,340
Camilla Castle,New Zealand,85% Dark Bars,2024-08-08,17841.92,53
Madelene Upcott,Canada,Milk Bars,2024-04-26,4285.13,87
Madelene Upcott,Australia,70% Dark Bites,2024-04-15,4196.23,256
Oby Sorrel,Canada,Eclairs,2024-05-19,6409.31,621
Dennison Crosswaite,Canada,Drinking Coco,2024-01-10,3010.07,24
Mallorie Waber,New Zealand,After Nines,2024-05-04,567.91,225
Roddy Speechley,Canada,White Choc,2024-04-05,6948.79,292
Andria Kimpton,India,After Nines,2024-01-17,1009.28,69
Roddy Speechley,India,Spicy Special Slims,2024-03-22,12049.05,180
Dotty Strutley,Australia,White Choc,2024-07-05,6969.38,102
Oby Sorrel,Canada,Orange Choco,2024-04-27,10257.74,328
Kaine Padly,Canada,Almond Choco,2024-08-12,7220.35,71
Jan Morforth,UK,Baker's Choco Chips,2024-03-11,783.35,273
Jehu Rudeforth,UK,Fruit & Nut Bars,2024-05-13,9434.44,221
Dennison Crosswaite,USA,Smooth Sliky Salty,2024-05-12,12755.99,99
Brien Boise,USA,Raspberry Choco,2024-01-12,807.26,198
Madelene Upcott,New Zealand,Milk Bars,2024-03-29,13541.21,434
Roddy Speechley,India,50% Dark Bites,2024-03-14,9976.22,12
Barr Faughny,New Zealand,99% Dark & Pure,2024-05-24,9152.72,208
Dennison Crosswaite,Canada,Organic Choco Syrup,2024-01-28,9251.37,79
Beverie Moffet,India,Almond Choco,2024-05-24,3634.26,100
Brien Boise,Australia,Peanut Butter Cubes,2024-08-19,352.51,196
Karlen McCaffrey,Australia,Spicy Special Slims,2024-05-17,5303.58,354
Jehu Rudeforth,USA,White Choc,2024-06-07,7339.32,121
Ches Bonnell,Canada,Organic Choco Syrup,2024-07-26,616.09,238
Dotty Strutley,India,Eclairs,2024-07-28,2504.62,397
Karlen McCaffrey,India,70% Dark Bites,2024-05-23,5915.87,355
