ride_id,user_age,ride_distance_km,ride_duration_min,city_zone,weekday,membership,completed,avg_speed_kmh,satisfaction_rating
R1000,29.260878581279478,2.3339469411240272,7.644179760686879,Industrial,2,Regular,1,11.258506454257901,8.0
R1001,35.874284574545655,3.8293789510843377,13.242093560720264,Suburb,4,Premium,1,13.271299071772098,2.0
R1002,18.48894379889613,2.783787744480254,11.86843322410563,Downtown,5,Premium,1,7.0918299812363434,2.0
R1003,24.692623800454452,5.210974912134822,14.805764466565376,Downtown,4,Regular,1,5.879222703450733,6.0
R1004,29.194175293655988,2.46458185672218,14.0495075822385,Park,3,Premium,1,17.003334383696572,1.0
R1005,47.17589258628497,3.168196804791007,0.9801354142132617,Industrial,1,Regular,1,13.73962060414702,7.0
R1006,41.14966469147895,4.760660221035556,23.20315203998799,Suburb,6,Premium,0,8.655614120330823,10.0
R1007,28.341030943505128,2.136521497129569,12.117535606972663,Park,5,Regular,0,12.17842392139695,8.0
R1008,36.10869828859016,4.1771122525825,15.074653917426,Downtown,0,Premium,1,16.419544693177844,4.0
R1009,31.640429202072564,2.0117347677436843,13.473091299848758,Downtown,5,Regular,1,8.935889034259564,4.0
R1010,21.668030607636236,3.090619740258055,12.415782375429778,Suburb,3,Regular,1,11.341214682971582,4.0
R1011,23.375391285054224,2.9205524681633745,20.49094926050659,Park,3,Regular,1,18.419272080147756,8.0
R1012,21.569634519017715,2.8293205105716925,8.259848972766417,Park,1,Regular,1,14.929760163352434,1.0
R1013,29.289930682387535,4.50222975796309,10.434407071328433,Industrial,5,Regular,0,11.770534703606566,7.0
R1014,31.2655468369704,4.337598329332813,18.218205830730902,Industrial,4,Regular,1,9.38657851598224,6.0
R1015,15.68541562198489,3.7187318409099626,5.429144783810319,Suburb,0,Premium,1,13.180448866777677,8.0
R1016,38.50785422272223,2.9179903900679793,13.947790157173635,Park,6,Regular,1,15.351776212777471,6.0
R1017,30.296960040706924,1.3319549619029605,14.293323560515956,Park,2,Regular,1,12.020834007066556,8.0
R1018,28.689936556696747,3.6973477276462803,16.995203791388096,Park,1,Regular,1,16.365145705530214,1.0
R1019,27.374339447657526,2.972764793174766,20.720614829481292,Downtown,1,Premium,1,12.23787138249419,9.0
R1020,42.71181202800045,2.2435950129109883,11.143005376540952,Park,2,Regular,0,13.889859262656337,1.0
R1021,28.48973586881989,3.2378232024214975,17.38377495743264,Suburb,6,Regular,1,17.986972307623077,7.0
R1022,28.54621623424815,3.2217572710556204,18.846916223117567,Downtown,3,Regular,0,12.704072790749203,9.0
R1023,35.7432016992853,2.8359522314100563,7.249807762814933,Industrial,4,Regular,1,11.521617077568806,4.0
R1024,29.994341993238475,3.437840015823655,15.61940069793744,Downtown,3,Regular,0,16.478365935031476,7.0
R1025,36.25733573019637,5.346013588897243,11.337367259761466,Industrial,0,Regular,0,11.286091733996374,3.0
R1026,30.695928969369387,2.669465768829123,23.370649020736295,Downtown,1,Regular,1,12.069159224515655,7.0
R1027,30.53004455417801,4.1157167006881075,13.363023252692255,Downtown,5,Premium,1,5.6296424837589285,2.0
R1028,39.60451953245854,5.314725895278851,7.225764941942647,Industrial,2,Regular,1,7.6295889676907835,1.0
R1029,29.506677509421753,3.4725086328081245,18.08222520365554,Park,1,Premium,0,13.21762012109098,2.0
R1030,22.79274923564636,,5.945214452725974,Suburb,3,Premium,1,13.127333391311701,2.0
R1031,19.926015647981377,4.085946962403589,18.725357674074715,Suburb,5,Regular,0,9.227874331455835,2.0
R1032,30.453062918915048,3.1012323509776207,17.48880464208654,Industrial,0,Regular,1,11.254216620882085,7.0
R1033,22.27025107275676,3.417403496581303,17.730696203664365,Suburb,0,Regular,1,16.124800691925472,4.0
R1034,35.98844438910113,1.6741113492284618,8.726732181293027,Downtown,6,Regular,1,8.981623739252452,8.0
R1035,32.22549111079208,2.930757317307671,14.467944211118942,Suburb,5,Regular,1,15.622004109707827,4.0
R1036,27.51395079163303,4.437212998552518,5.72422946821918,Downtown,6,Regular,1,10.860093348789983,2.0
R1037,24.76876010618707,3.090289171815696,15.64584876253049,Suburb,5,Premium,1,13.471710797616304,9.0
R1038,29.416416135773552,4.990909367722923,15.591500490596596,Industrial,0,Regular,1,15.369307361816139,1.0
R1039,34.73550027417825,3.0956536459910824,13.670957350763128,Park,4,Regular,0,10.903747099794654,10.0
R1040,36.86083179411154,3.8330479499579138,16.014012136892088,Downtown,3,Premium,0,14.015482307552627,9.0
R1041,20.446572753449196,2.2287356353961534,16.15636373178518,Downtown,6,Premium,1,16.205739042628505,7.0
R1042,45.21232585975454,2.8284938012313003,25.7936950014999,Industrial,2,Regular,1,18.76851848071061,9.0
R1043,24.83852760191205,2.6470829992816913,13.420242475182663,Park,0,Regular,0,12.97544313640605,5.0
R1044,20.542426540210883,3.103621707951377,23.365063813941966,Downtown,0,Regular,1,16.965793245492314,8.0
R1045,42.41764061654577,3.70196150367908,19.514699613744753,Downtown,5,Premium,1,10.240854404919796,6.0
R1046,39.73057227978322,2.4697805453577595,14.784947049239781,Park,2,Regular,0,11.925348535924485,2.0
R1047,37.490697443792776,1.8469020161576568,16.507437477689177,Industrial,5,Premium,1,17.270590105585057,10.0
R1048,24.595595927847327,3.060629264912072,14.025956457771496,Downtown,6,Premium,1,17.18692673914243,7.0
R1049,38.5545623732176,3.7097780298484313,18.89089377035955,Park,1,Regular,1,11.88597186058809,9.0
R1050,29.1220638555065,4.548319620780779,16.069661057699193,Park,0,Premium,1,15.900869413091971,6.0
R1051,18.854114166914783,1.8131161515193464,11.740070651242371,Downtown,3,Premium,0,13.163440261284036,6.0
R1052,24.627996244070918,1.1566800986079906,25.538041251029675,Industrial,5,Regular,1,12.825082422499891,1.0
R1053,19.903400876593512,2.488610281743543,9.490433720315545,Suburb,2,Regular,1,7.818898142351517,9.0
R1054,37.21711128390312,4.342878963206269,17.62146915669444,Industrial,5,Premium,1,10.422789446145313,9.0
R1055,39.388911744805114,1.83984537622552,14.668749845588863,Suburb,3,Regular,1,13.747751049132031,7.0
R1056,21.68567086346551,2.461151090547916,14.966866583078755,Suburb,0,Premium,0,11.84335210036292,3.0
R1057,28.748577564948175,4.600658223977736,25.324372357721757,Industrial,3,Premium,1,16.15543931271066,4.0
R1058,33.1567703583744,2.7170798312744058,18.379990623323327,Suburb,1,Regular,1,12.395904843930929,2.0
R1059,20.669804429677818,2.9712952351302393,15.542273431607978,Industrial,1,Regular,1,15.406761464040873,2.0
R1060,37.49650292219581,3.2052159194123777,13.962292060915884,Park,2,Premium,1,16.27448199889672,3.0
R1061,21.963069271034456,3.780800892030514,13.53523356344831,Suburb,3,Premium,1,8.880245940723496,6.0
R1062,18.873847122253522,2.852717793683851,14.046992864287194,Downtown,2,Premium,1,8.52656526382106,5.0
R1063,23.229839832140463,1.164495277477895,18.906363314041364,Suburb,6,Premium,1,6.679421887839565,3.0
R1064,27.02333858691247,2.8845432025977966,18.72179759550461,Industrial,3,Regular,1,9.870798127160624,7.0
R1065,23.12393972845724,3.359891050016394,21.18270118399238,Industrial,4,Premium,1,13.710051873107787,8.0
R1066,39.64798960872618,0.16078121409643398,10.42602212109486,Suburb,1,Premium,0,8.573379564412903,5.0
R1067,30.015112647929524,4.263309789835465,8.196986228591634,Downtown,5,Regular,1,11.495977896998092,7.0
R1068,18.57817372031638,2.792040637778487,7.8682505612515286,Suburb,6,Premium,1,12.995719395578757,3.0
R1069,70.0,1.3415558942808816,8.864337182476996,Park,0,Premium,1,16.764197507689758,9.0
R1070,18.525840486888534,2.5378359743431607,15.935550838652341,Park,3,Premium,1,15.77184601370433,2.0
R1071,42.24617995179659,4.743237487599057,11.522397220360546,Park,4,Regular,1,10.177066344193452,8.0
R1072,20.383588872630824,3.7901779461242127,14.55981199019339,Downtown,0,Regular,1,7.0212936506365935,4.0
R1073,26.435912190587125,3.160490928865632,7.7074196954258065,Industrial,3,Regular,1,14.163818613842498,9.0
R1074,31.532217658664237,2.8939881725849785,19.1894564513967,Industrial,6,Regular,1,14.711787121621587,9.0
R1075,23.772934895692526,0.8041737328717109,13.508424599575704,Suburb,1,Premium,0,14.704136304156483,5.0
R1076,22.117300100710665,2.952909512188962,11.818325624302773,Suburb,6,Premium,1,12.206885384576358,8.0
R1077,32.02199810912903,3.9981097720529033,14.101473505254104,Suburb,2,Premium,1,9.920351888007907,1.0
R1078,17.511049961560495,2.142128532427377,15.052374139483634,Park,3,Premium,1,13.766501159340539,1.0
R1079,38.322028233356065,3.5716292994970633,16.793871482427793,Industrial,3,Premium,1,9.963211436442858,7.0
R1080,19.659346292660615,2.222654529813503,15.665231215067996,Industrial,6,Premium,1,8.60675002976737,3.0
R1081,19.956937487256965,3.6023746855279657,15.696815425020926,Downtown,5,Premium,1,13.774212322038016,4.0
R1082,28.841502953817184,1.672927334742161,10.437766934533414,Suburb,6,Regular,1,16.425908656021274,6.0
R1083,12.306646437605544,3.3722091877420044,12.248499121682427,Park,3,Premium,1,13.457302930715718,7.0
R1084,29.856889961393993,1.6423931298537262,14.017297492102026,Suburb,2,Regular,1,9.078267482144918,5.0
R1085,24.162924658262618,1.4337247041579562,9.268426649278496,Downtown,0,Premium,1,14.974310234671009,4.0
R1086,32.66564396746901,2.5248551499709566,8.111191211863954,Downtown,0,Premium,1,12.974454006365793,8.0
R1087,29.132301506599532,2.6942894566472324,10.687133690152658,Industrial,6,Regular,0,12.276197776213145,5.0
R1088,37.19324107551148,3.1109530059467594,7.509709931162104,Park,4,Premium,0,5.839855596927354,1.0
R1089,22.800086542596887,2.031472335568863,17.22792180575317,Industrial,5,Regular,0,9.316787984239568,8.0
R1090,36.367383652411014,2.5233900684723354,11.170275016147228,Downtown,0,Regular,1,13.47892592850862,4.0
R1091,29.98128059988901,2.935729195755975,11.042928331894505,Industrial,6,Regular,0,17.026401999729284,1.0
R1092,25.854597608214497,,13.577070489239368,Park,1,Premium,1,18.513922086102404,8.0
R1093,31.710816282792507,,15.939764295313637,Downtown,5,Regular,1,12.380010477906366,1.0
R1094,23.7901883912425,3.108809867463945,8.363487134383922,Industrial,5,Regular,1,16.50294328486171,4.0
R1095,25.261966381417995,4.475225855616117,20.753574440023677,Park,4,Regular,0,15.153960349964649,3.0
R1096,25.684256531861987,2.923502586239161,13.957247938086024,Suburb,2,Regular,1,11.718009003443209,2.0
R1097,31.422380371296363,5.211925895585532,12.329235411068069,Suburb,6,Premium,1,12.22208579021782,2.0
R1098,29.06177080594358,4.408070819925431,10.467040058311584,Park,4,Regular,0,14.48583319658907,3.0
R1099,12.944559184602841,2.5619260341319343,32.70831690733519,Suburb,2,Regular,1,15.861513306313421,2.0
R1100,41.48349824970529,2.3724385631625826,21.777210986666525,Park,3,Regular,1,11.103206058667368,2.0
R1101,43.81527692666269,2.754590757859298,10.119506369501096,Suburb,6,Premium,1,11.7005514310816,9.0
R1102,24.871515928636242,4.089573358740742,10.136679509240924,Park,6,Regular,1,15.153677978013706,1.0
R1103,36.67304659231108,2.2039074109949515,11.69748529918111,Park,6,Premium,1,12.832815961588286,9.0
R1104,34.44679118197514,3.5929746368359767,15.450501166546209,Suburb,6,Regular,1,13.558585490908923,4.0
R1105,26.57761279652877,,21.19361224307011,Downtown,4,Regular,1,13.708138522570673,5.0
R1106,28.352484557888058,4.327294297558705,19.277078684680603,Downtown,3,Regular,1,9.659106406406472,6.0
R1107,38.55299190220758,2.040530169772206,18.557641053657733,Park,3,Regular,1,13.905517905909244,8.0
R1108,17.127956873013936,2.656736978016448,12.978177524908359,Downtown,6,Regular,1,10.517597603629298,4.0
R1109,36.52838689487977,2.1979408591024416,8.692522770656964,Park,5,Regular,1,10.988984140781422,3.0
R1110,39.9746160233331,4.1368639861856344,12.933728153041802,Suburb,1,Premium,1,8.61387852718714,9.0
R1111,24.879533167665944,5.0904073537844745,21.426866842724053,Suburb,6,Regular,1,9.420880960888937,1.0
R1112,41.773140148086185,3.6785876781490905,19.869863129936228,Park,0,Premium,1,9.824974935962501,6.0
R1113,36.34682116719498,3.891642794728427,7.847258793594819,Industrial,0,Regular,1,13.511331998228878,10.0
R1114,38.7669786887631,2.3298147134730107,20.7660159102263,Downtown,0,Premium,0,15.124170362153585,3.0
R1115,29.2454007904553,4.269914821707918,22.73985154628633,Suburb,6,Regular,1,2.7202409978527307,3.0
R1116,21.71764066742135,2.128184978873611,13.98637356110562,Industrial,0,Premium,1,9.683286999042771,6.0
R1117,26.98844469937658,3.0209185956738382,14.162271241732062,Park,1,Regular,1,4.714746299706611,1.0
R1118,11.91727929646138,2.339176915556283,15.337834729433792,Downtown,4,Premium,1,13.99174277956702,5.0
R1119,23.356580736359675,2.696192524290366,20.024806795994653,Downtown,6,Regular,1,13.440783248270314,4.0
R1120,35.31031597682437,3.5568279566442045,10.19963022758239,Suburb,2,Regular,1,9.337324947051282,7.0
R1121,23.17658954320235,4.381903638224594,11.967098554756312,Suburb,2,Regular,1,14.853116226183598,9.0
R1122,33.03511171313475,1.8745595097267873,17.60599555993617,Park,0,Premium,1,14.956276576113472,2.0
R1123,46.2026939744746,,10.245605081731876,Suburb,5,Premium,0,12.211383086626808,9.0
R1124,25.692447512138035,3.23244004526848,18.927903974321207,Suburb,6,Premium,1,8.012777057828577,3.0
R1125,32.64932494431793,2.9368039944580286,10.753101935042082,Suburb,6,Premium,1,11.076443121977105,10.0
R1126,17.64923541805415,3.31684305624357,27.826757128011888,Industrial,4,Regular,1,16.658549546445904,2.0
R1127,37.5083111965446,2.2903772900974566,14.36200901471622,Industrial,1,Premium,1,11.321520098139825,7.0
R1128,37.472925278680115,2.441056101904882,18.2218316664056,Industrial,3,Premium,1,16.122337543510465,9.0
R1129,24.75621198467957,1.980181611593402,13.20599766303123,Industrial,1,Regular,1,10.285925291041554,3.0
R1130,22.282083743217328,3.450640690478725,13.391779651273485,Suburb,3,Regular,1,13.834780530744226,3.0
R1131,26.47829985177288,2.445344774601911,11.911322220668685,Industrial,3,Premium,1,9.536961487765181,9.0
R1132,19.992772878614755,3.6553697328537145,5.897437081549356,Downtown,3,Premium,1,11.71176739983164,7.0
R1133,34.35025726789158,3.705313951420038,18.13489954070062,Industrial,4,Premium,1,11.640235626141408,1.0
R1134,38.407571943672735,3.223728286571107,7.341990912838302,Downtown,3,Premium,1,7.528551187448692,10.0
R1135,30.943716257745045,4.223430648822715,21.205902640205974,Park,3,Premium,1,12.925500387042796,2.0
R1136,15.529205515728243,3.7462620229808605,16.209422032427337,Park,3,Regular,1,11.645696749065849,7.0
R1137,42.752524361138796,4.341871023068345,16.08075338252624,Park,4,Regular,1,13.817722214781043,5.0
R1138,33.834073817867655,2.233754896881273,14.084221547360087,Downtown,4,Regular,1,2.97039211855995,3.0
R1139,31.85158988645701,3.9916389672180905,13.65171771403676,Park,6,Premium,1,12.100634006152257,3.0
R1140,17.106917112273806,3.3275386064516486,15.682019919258336,Downtown,4,Premium,1,7.129935385049199,6.0
R1141,29.09382131323398,2.892742899028922,19.64240087029301,Downtown,0,Premium,0,14.261659456723471,3.0
R1142,30.347327236910147,4.786524370105344,13.704295326937162,Park,0,Premium,1,13.125738948198935,9.0
R1143,30.83680934030898,2.271998637097142,23.113089468242322,Park,4,Regular,1,20.01628133624581,7.0
R1144,34.620548652657284,3.025994954778775,14.382153508175486,Park,5,Regular,1,14.063038644540445,5.0
R1145,23.25127390313795,3.1922192373523024,16.822931326780747,Downtown,0,Premium,1,13.57478797760771,4.0
R1146,26.11692203737163,2.7784435139721233,8.409856422747595,Industrial,1,Regular,1,10.811841679975622,9.0
R1147,23.920452865555443,3.813842635034515,18.445018170127423,Downtown,3,Premium,1,14.39034532075464,2.0
R1148,28.16065885276744,4.608640351456259,20.58042763218197,Suburb,0,Regular,1,12.556479749561516,10.0
R1149,15.398139211991431,4.090696456674618,22.62752166824378,Downtown,2,Premium,1,11.876776430309395,1.0
R1150,37.65164599302776,1.864621658124886,60.0,Industrial,4,Premium,1,8.712149774872794,7.0
R1151,33.76353595585222,2.207205817281846,17.532827380639233,Suburb,3,Regular,1,12.705289898919375,3.0
R1152,36.04327586537871,3.958749979503844,5.826045256792403,Suburb,1,Premium,1,8.261327822166562,2.0
R1153,28.701028323159676,2.0741394351721003,20.792997093530197,Park,6,Premium,0,8.804335260566468,10.0
R1154,32.26717992369112,2.9065712179333567,20.13256101250779,Park,6,Premium,1,14.424970075956693,3.0
R1155,26.002176338390754,1.9429257490920198,17.853163752421352,Park,1,Premium,1,14.931303211637427,8.0
R1156,42.56679766755825,0.9676077271666617,19.38768296584948,Industrial,2,Premium,1,17.710985014170568,5.0
R1157,19.967757725233362,1.1999610418179674,14.930823598327954,Industrial,2,Premium,1,12.66983679716761,7.0
R1158,19.045525905425812,2.308495349483342,13.447755359974717,Suburb,3,Premium,1,14.545236821454372,6.0
R1159,28.918685924161053,3.654408285900046,8.30396078773039,Suburb,0,Regular,0,15.577788793401954,7.0
R1160,31.31550382887851,3.149436438988086,18.14117715568524,Suburb,3,Regular,1,15.18453831033474,6.0
R1161,48.770425425541575,3.2797264035298728,14.491907729627313,Downtown,6,Premium,1,10.992202736210379,10.0
R1162,38.37446396267984,3.4205649107966263,12.334907471362033,Park,1,Premium,1,10.954021553109135,8.0
R1163,34.307793222821914,,17.431971375645176,Suburb,3,Premium,1,14.900162012953931,7.0
R1164,22.94524903032971,4.132151850674534,20.06813200078506,Park,0,Premium,0,10.700250702158055,10.0
R1165,22.162109415934527,3.141644251059167,13.16704023140983,Downtown,3,Regular,1,10.424609446289319,5.0
R1166,22.084349155019822,3.1590071294668967,19.172167898751578,Park,1,Premium,1,18.015281228590208,6.0
R1167,36.19467901865373,4.641307537294326,11.766674340932122,Downtown,2,Premium,1,8.195538258254246,3.0
R1168,37.442693780593466,2.6834681301414127,6.430520380098988,Suburb,2,Premium,1,13.93942134048791,9.0
R1169,37.01334448012501,3.255205875339482,21.14181421573479,Park,2,Regular,1,11.46821016547085,8.0
R1170,22.398700247841163,,8.60612303284097,Suburb,0,Regular,1,16.465740174936172,3.0
R1171,18.502696983110482,4.3548328818499895,18.223709989196056,Park,0,Regular,1,14.710200621253946,1.0
R1172,30.621159160937044,4.15756931705832,6.056058204056789,Industrial,4,Regular,0,6.263903853612455,2.0
R1173,70.0,1.9006009779207165,13.315212625560992,Industrial,4,Premium,1,15.567516238620275,8.0
R1174,31.62349128076778,2.1338298569269,15.789675980113959,Suburb,5,Premium,1,10.025316146636705,10.0
R1175,36.15828961719857,3.0889367261221503,15.428514657913599,Industrial,2,Premium,1,18.69345652455751,3.0
R1176,36.55632905619267,3.1220527300238308,11.508035649888207,Downtown,0,Regular,1,15.587323667547635,10.0
R1177,40.00669980662523,4.904853084890049,18.939463330172156,Industrial,6,Premium,1,4.25560479957819,6.0
R1178,36.25229674712496,3.6588758620943596,18.664049676052798,Downtown,0,Premium,1,9.722895303864007,3.0
R1179,17.036407500403968,2.993390197878447,12.517601383928104,Downtown,5,Regular,0,13.956284248619074,3.0
R1180,24.51880734522537,3.6561410098308156,17.0185121962898,Industrial,0,Regular,0,5.156028222076595,8.0
R1181,28.174167306034633,1.6128167459243512,18.818437008231136,Downtown,1,Regular,0,11.736743250396543,3.0
R1182,44.7134688918296,3.3813753917727625,16.59365448228385,Downtown,5,Premium,1,11.577158298018466,2.0
R1183,24.40044474077767,3.614774511744161,13.801918966349053,Park,1,Regular,1,11.949549906113448,8.0
R1184,27.47471911055514,0.9200891792006605,26.65804829660687,Downtown,3,Regular,1,11.308721673271096,7.0
R1185,28.169694275686123,2.0867540236972637,17.574420483020837,Industrial,0,Regular,1,11.027308616420287,6.0
R1186,35.61724185783182,2.8488345377758293,11.946817470950757,Park,4,Regular,0,12.278939721921724,2.0
R1187,27.42722696487256,2.040403019862076,29.176665408270516,Industrial,3,Premium,1,9.93546939363979,7.0
R1188,32.21681816431868,,24.528332810715344,Industrial,4,Premium,1,11.154367300123386,4.0
R1189,18.87604491624412,2.968504662718232,5.378334900881649,Park,6,Premium,0,14.52224483161314,5.0
R1190,30.726426490359405,1.583769336276276,14.701084758882338,Park,0,Premium,1,11.891911154708028,1.0
R1191,39.36822572809709,2.998978110017787,11.731888889740588,Downtown,1,Regular,1,10.990895611427826,9.0
R1192,34.53515173833546,3.5005943966104462,10.123054986338914,Downtown,1,Regular,1,14.812763115447527,1.0
R1193,28.146940971720444,4.492556412372713,17.736076912100945,Industrial,2,Regular,1,9.871203247449634,9.0
R1194,36.869999235534365,1.5208465420981607,20.791942526874852,Suburb,3,Premium,1,9.777976137276958,9.0
R1195,36.739088050156965,1.9862738606230173,15.163796983709393,Suburb,4,Regular,1,6.301035241287039,1.0
R1196,33.24478643586403,3.525486178062933,14.50003613942261,Industrial,5,Premium,1,11.725159752231917,9.0
R1197,35.484959175800086,4.958072214279241,60.0,Suburb,5,Premium,1,12.817836787414878,5.0
R1198,38.39626523131077,2.4864569376012673,13.060854483044135,Suburb,3,Premium,0,16.100783420667835,5.0
R1199,24.160386549594467,3.143842270110595,4.605547477794721,Downtown,0,Premium,0,14.285928879471165,4.0
R1200,25.120033361223864,2.5028747084805927,18.50568063248796,Industrial,4,Premium,1,7.674266545414287,5.0
R1201,35.19027256503662,0.861071118929821,21.01431823116586,Suburb,4,Regular,1,12.695532955135441,1.0
R1202,43.67773950756022,2.0097935053733953,14.600997430292031,Industrial,5,Regular,1,11.7261105564331,6.0
R1203,29.102061613807138,3.796035417554566,11.594462168466695,Suburb,4,Regular,1,9.931314259501244,4.0
R1204,21.713929256667612,2.8022211024851034,17.676234271574547,Park,5,Premium,0,10.664679090648944,10.0
R1205,39.78684901000045,,19.35915569480102,Suburb,5,Regular,0,14.148324866180626,1.0
R1206,27.42642366540881,2.8412916488399653,4.300280370919381,Industrial,6,Regular,1,12.330092130187628,5.0
R1207,26.750115817835617,2.5172338242547925,10.368909165669383,Downtown,3,Regular,1,13.42340661838951,7.0
R1208,10.953687916039009,1.3912524379628335,21.751646186042276,Park,1,Regular,0,8.212109429956197,8.0
R1209,28.908685248658788,1.7253462831821953,12.793628180995329,Park,5,Premium,1,5.456227548713059,5.0
R1210,34.766406423501905,2.693269247768562,26.94525712893135,Suburb,5,Regular,0,12.65117057942561,9.0
R1211,21.89848733185233,2.605113085758315,14.767748477437836,Downtown,2,Premium,0,7.303371531611891,2.0
R1212,37.03895417935425,1.383922408421209,16.169568601086276,Park,0,Regular,1,11.033555740453943,4.0
R1213,21.590761942280036,3.630674364999119,13.055275260456257,Suburb,5,Premium,1,15.70837453652688,5.0
R1214,24.875042402184633,3.8336569202688358,17.13860309706851,Suburb,6,Regular,1,13.858072928381219,4.0
R1215,22.05010049308543,3.9137387901232206,13.936092068138805,Downtown,2,Regular,1,8.505568733216448,8.0
R1216,22.500074686792367,3.109790521182393,23.770091456698722,Suburb,0,Premium,1,9.889930031577546,4.0
R1217,17.728183867380277,4.076109420155044,19.133397870470926,Downtown,4,Regular,0,14.2393850209709,6.0
R1218,26.85315485830489,2.605693563833037,24.054787566786807,Suburb,6,Premium,1,8.52856704054145,10.0
R1219,26.283827507293488,1.7195965255830727,11.321570150473603,Industrial,2,Regular,0,12.593711060871003,5.0
R1220,27.123042296451654,2.055683114375432,8.044137646666202,Downtown,1,Regular,1,11.086154536021022,6.0
R1221,31.080762661865098,5.243948660196133,19.322974694222907,Park,5,Regular,1,8.418570188453556,4.0
R1222,16.097416912528335,2.5207744942339234,2.04512638618416,Downtown,4,Regular,1,12.617301474888155,6.0
R1223,33.366012877113576,1.8883849335357223,14.423802298450655,Downtown,2,Premium,0,6.511005724745853,9.0
R1224,34.14130545508874,2.9803245845264503,18.418642204773732,Park,2,Regular,0,19.98770787543799,3.0
R1225,28.204992886185202,,10.874586219426984,Downtown,2,Premium,1,10.84582957667084,6.0
R1226,34.09831158562948,3.4777235338915897,15.653155805039159,Downtown,2,Premium,1,15.088044801378972,9.0
R1227,28.905819447529318,3.036759640650837,11.758425342553686,Park,3,Premium,1,6.421903999432951,7.0
R1228,44.003619328888604,3.862549863219743,14.586828498281667,Park,5,Regular,1,9.884682504646069,4.0
R1229,38.129405788512216,3.061445303127181,8.674819159137236,Suburb,6,Premium,1,7.586043818784123,9.0
R1230,36.074615600611864,1.8496520896057895,12.710353554031842,Industrial,2,Regular,1,10.634048715203427,2.0
R1231,18.682757480888434,2.175132062790868,13.301884990209588,Park,2,Premium,1,14.019337136155023,8.0
R1232,29.672523809098294,3.725020645478745,16.45502062923835,Industrial,4,Regular,1,8.483906939858981,9.0
R1233,35.23227150031273,1.645390441291086,9.931837469956687,Downtown,1,Premium,1,10.616068290620406,10.0
R1234,37.265723167445245,2.52226175893532,4.10508753288452,Downtown,3,Regular,1,10.398896726869314,7.0
R1235,29.246872463776107,3.677016981320441,16.71658078545555,Park,4,Premium,1,8.001596979904775,3.0
R1236,45.76374874491631,2.407090633937861,17.59349215744952,Suburb,4,Regular,0,12.187440690792677,4.0
R1237,33.47013585768153,4.162468326482946,16.607099217037785,Downtown,3,Regular,1,13.071339960308762,7.0
R1238,24.911292017802452,2.3446938618759243,18.114171650753114,Industrial,3,Premium,1,9.62009650924765,10.0
R1239,24.625379671190817,2.2339196791618567,14.612228569514864,Suburb,1,Regular,1,15.148463959487083,2.0
R1240,34.16120610246262,4.342811602058732,24.026964424448067,Industrial,4,Regular,1,8.454264148039925,10.0
R1241,36.443767145896224,1.618095395209879,15.156497208966847,Downtown,3,Premium,1,11.822859199537143,3.0
R1242,34.51253838539975,0.4588095843516329,9.289152988128354,Park,2,Premium,1,12.637799900381216,8.0
R1243,28.616450775769763,2.1614996647318008,23.802200559560603,Downtown,1,Premium,1,10.88786277721967,4.0
R1244,38.778625340845124,2.9450559716901674,24.730679240280274,Suburb,2,Regular,0,11.457851130450731,7.0
R1245,18.29233162620998,3.0428386302877426,13.948221369348536,Park,4,Regular,1,13.590289511900751,6.0
R1246,25.274553078602942,3.904206315130288,18.036654369356857,Downtown,0,Regular,1,16.706695790367966,5.0
R1247,31.301236034494345,2.9672872254461846,15.779282430546695,Downtown,4,Regular,1,10.09150300230915,4.0
R1248,36.83778675181804,1.8909859346603557,14.890295745161506,Downtown,3,Premium,1,8.582805059152715,1.0
R1249,33.742719346995436,2.596746130305421,13.18104433837009,Park,6,Premium,1,9.733497319704998,4.0
R1250,21.606870111688945,2.0141429026970594,18.45606083259909,Suburb,6,Premium,0,11.968705334897043,9.0
R1251,38.888201551688695,2.3089948402817937,18.57078163525042,Industrial,4,Premium,1,9.251231408808358,2.0
R1252,42.21748524399232,3.7539644973882074,14.080586670232899,Park,2,Regular,1,16.138892823682376,6.0
R1253,44.28619338750204,2.9517448132631254,21.466913562013453,Park,0,Premium,0,9.33736439111237,10.0
R1254,32.78468906950262,,11.975087503801804,Suburb,1,Premium,0,12.518985731741367,10.0
R1255,47.251572444786376,4.657691708934137,15.769200781438244,Suburb,6,Regular,0,12.224299971775297,6.0
R1256,35.22072130876651,3.213275492010398,18.90696987843964,Suburb,0,Premium,1,13.596257201037544,8.0
R1257,32.99706151795275,,13.026040324844711,Suburb,6,Regular,1,7.840991770437352,8.0
R1258,30.60251365617699,,14.570046228208623,Suburb,0,Premium,1,11.30842632479106,6.0
R1259,24.380605851352232,3.0567477448343015,13.194850377223206,Park,4,Premium,1,13.193644899924088,3.0
R1260,27.75530916023512,1.492219957674961,12.297719633591782,Park,3,Regular,1,17.271151527705335,4.0
R1261,30.638743679464493,4.1045055553786645,13.083559922515581,Industrial,6,Premium,1,11.92805250835616,9.0
R1262,27.044116023301875,2.2256807441135553,16.099663701582482,Suburb,4,Regular,1,15.992416498338084,2.0
R1263,30.162714573727257,1.8017315826577924,19.804271995770172,Park,2,Premium,1,12.68585678735998,4.0
R1264,12.488656224096673,3.1344007582540674,11.30407462989784,Industrial,2,Regular,1,13.136403742850359,3.0
R1265,38.06830393588483,4.711809613472424,9.802210345416679,Downtown,6,Premium,0,11.791049836795985,10.0
R1266,16.27013344580235,3.4468356466204586,12.53458576964567,Downtown,1,Regular,1,7.773349680981262,1.0
R1267,31.5602875325355,4.163494469501986,18.2115925277761,Industrial,1,Regular,1,12.932060931540384,9.0
R1268,30.968845150503185,3.150008476825846,11.504609829639321,Industrial,6,Regular,1,7.7363726141148526,3.0
R1269,29.136794518168394,,21.354945425838647,Park,2,Regular,1,13.779881561495618,8.0
R1270,25.08389283009368,2.8861158090764234,19.533948494030565,Park,2,Premium,1,11.672489363335103,4.0
R1271,36.8998513190276,3.310455496244775,13.402015238027507,Park,6,Premium,1,13.914273828207495,8.0
R1272,34.48034664765842,3.660580441586042,18.020756121226416,Downtown,3,Premium,0,10.141035058822993,2.0
R1273,36.33471692645788,2.0488819718953946,5.646225888419343,Suburb,0,Regular,1,10.712493035362114,4.0
R1274,24.691416187733765,2.4039030772491303,12.925637110586145,Suburb,6,Regular,0,5.27605004333523,8.0
R1275,38.61792485518686,4.036850240715991,18.282460246064172,Downtown,1,Premium,1,19.505282145265507,5.0
R1276,21.600782684880237,4.692098872701457,16.827101419003288,Park,3,Regular,1,10.418050176770622,8.0
R1277,32.15291937994644,4.7512281325428365,13.127420067578853,Park,5,Regular,1,14.259666308300112,7.0
R1278,20.814316092297997,5.515542866123969,18.110782303005525,Park,6,Regular,0,15.228516353001194,2.0
R1279,35.93219987102316,,19.67974521950162,Suburb,4,Regular,1,10.800272282031516,4.0
R1280,22.43576144872625,,16.010230942197527,Suburb,2,Premium,1,14.974299340574646,4.0
R1281,38.558824973675996,4.181101911205285,18.30365627850291,Park,4,Regular,1,10.2257764638431,3.0
R1282,15.933719421582545,2.081814036467994,17.586596544217112,Park,6,Regular,0,10.662171539454022,10.0
R1283,19.498069695279014,3.5972549743056104,13.682833746670953,Suburb,0,Regular,1,9.60165870584667,5.0
R1284,28.062574521261762,1.9727816133739844,6.79402945999739,Suburb,3,Premium,1,6.948162018767651,4.0
R1285,30.818052643797746,3.3170746796140507,3.293832954066911,Park,6,Regular,1,10.610792929909712,9.0
R1286,40.850591339431006,3.5423515891419908,18.130476983058852,Downtown,2,Premium,0,12.511446645894017,4.0
R1287,31.056278490746344,,12.278057956526863,Suburb,6,Premium,1,8.21343936521573,5.0
R1288,34.92371804871395,1.6452828493261296,17.790552022091767,Industrial,4,Premium,1,8.18595839481684,10.0
R1289,21.616434067509044,,14.111927919071492,Suburb,2,Regular,1,12.689181199149074,7.0
R1290,27.086153102343964,3.4539913634185,15.872053003642893,Suburb,4,Regular,1,10.342675801418357,5.0
R1291,22.74546247941592,2.1546001384135858,18.97038213179879,Park,4,Premium,1,18.452241312230512,8.0
R1292,28.201763722012593,4.952625316511785,16.145078602568596,Downtown,6,Regular,1,14.817323287174409,7.0
R1293,30.503736766808803,3.3774271058788816,20.91766767755354,Park,3,Regular,0,11.365682132273795,6.0
R1294,24.194391707013303,2.415191108828589,21.275825012567108,Park,2,Premium,1,13.057383640684119,9.0
R1295,33.54221451937182,2.69827385721772,12.921097751631295,Park,5,Regular,1,14.324398481162175,5.0
R1296,35.16443403169481,3.7449689856178825,20.524780167237914,Suburb,3,Premium,1,5.845564902134307,10.0
R1297,14.119289788992035,1.8168146480403777,9.334840767450343,Park,2,Regular,0,10.685881970121542,1.0
R1298,19.417784629416143,,10.650336371182448,Downtown,3,Premium,1,10.012808268012595,10.0
R1299,23.128466950086313,3.4099859079564814,16.145768923511515,Suburb,1,Regular,1,10.5724677813951,7.0
R1300,24.99342458608941,1.928165374632956,10.856262764513758,Downtown,2,Regular,0,10.811677562744372,2.0
R1301,29.539256897311404,5.704304174923404,16.807651461507483,Downtown,2,Premium,1,7.69196573850256,5.0
R1302,30.59981364555495,3.8816504146505597,8.010397561763673,Park,0,Regular,0,14.188068393536227,5.0
R1303,20.715724252400374,3.9523343932411703,11.931446896151558,Downtown,3,Regular,1,13.814711020961543,9.0
R1304,27.0484761473365,4.092657720652644,14.610721367687548,Park,2,Premium,1,10.846122094652406,10.0
R1305,23.948038206605244,3.134672028899417,13.020569595741827,Downtown,0,Regular,1,12.218280842050921,6.0
R1306,38.41369446235825,,14.89540143909468,Suburb,0,Regular,1,5.0925161954123155,10.0
R1307,27.68083844297269,2.3295194684546336,10.86179277135081,Park,5,Premium,1,14.797894917965067,10.0
R1308,23.95152514909416,3.8543081751954564,7.519708804057517,Downtown,6,Regular,0,10.164103309004108,7.0
R1309,70.0,2.400780393203389,13.628892088700844,Industrial,0,Regular,1,14.088037993501345,6.0
R1310,24.717294883619758,1.7828552547026653,17.442793606826317,Park,2,Premium,1,13.7756821333962,4.0
R1311,15.722365180778203,3.8509736959086913,18.48255810422338,Suburb,5,Premium,1,10.430828617147325,4.0
R1312,26.497788588804617,4.592773228453534,16.98917047033671,Industrial,6,Regular,1,5.425798114312238,6.0
R1313,23.8835555980623,1.8062090118463217,60.0,Downtown,0,Premium,0,16.366708018874643,6.0
R1314,19.789362276784974,3.6259260611397237,22.173354737115737,Suburb,4,Regular,1,11.46560398818159,5.0
R1315,31.595725177074872,3.1951325495101375,22.208036826686687,Park,4,Premium,1,10.346535561249786,2.0
R1316,30.918677653171837,3.7615249869337455,10.045586877781824,Park,0,Regular,1,13.180908014468645,2.0
R1317,31.10584462219182,3.2070558154620215,11.787410679292687,Downtown,0,Premium,0,14.908881769822498,5.0
R1318,47.91250843617682,3.536874791720773,17.318354678542438,Downtown,4,Premium,0,11.815239293136719,5.0
R1319,25.827735930318845,3.307727523674741,12.710430240138004,Suburb,2,Premium,1,17.247263970308204,1.0
R1320,10.503238781726903,4.18964344106133,12.86498991701929,Park,6,Regular,1,12.021078738722016,6.0
R1321,24.900720381626755,3.475313937861469,21.18966322425957,Downtown,4,Regular,1,14.229598607870983,6.0
R1322,25.44061051691096,2.6350660428867854,16.68177685528716,Park,6,Premium,1,11.885212138795772,2.0
R1323,32.866329291166444,0.9654071829359618,23.00493959664982,Downtown,3,Regular,1,9.608025017198692,3.0
R1324,37.0493488083138,3.3783992592306067,19.2912957730952,Downtown,6,Premium,0,16.040811802462187,3.0
R1325,31.225054611544778,2.4595874821693204,6.315176252776711,Industrial,0,Premium,1,11.112064006190865,3.0
R1326,13.339905487427213,2.0736295864049357,13.860918009108653,Industrial,6,Premium,1,12.351646010753877,4.0
R1327,26.330274380316478,2.34009401342937,13.794051645080676,Industrial,6,Regular,1,10.9703624350705,7.0
R1328,27.505339280169252,3.5204416237321414,26.510117723762157,Industrial,0,Premium,0,17.080364262471655,9.0
R1329,18.66888490836598,4.680978914386287,27.84270321354326,Park,3,Premium,1,12.466918294282726,9.0
R1330,35.676738531597685,,22.61274322869289,Downtown,4,Premium,1,13.452601618955423,8.0
R1331,26.225073270584794,4.730779286413645,18.30850691844821,Downtown,2,Regular,0,8.297078923965326,5.0
R1332,22.22485356800027,3.422738451693085,16.98386648706853,Industrial,1,Regular,1,6.9188354018680345,2.0
R1333,28.633154527352474,2.512028292064789,11.962429301717563,Park,6,Regular,1,11.51190776203698,5.0
R1334,21.71351659045292,2.6797654828920017,17.747328714452028,Industrial,1,Regular,1,17.03888918115016,1.0
R1335,30.09610637948745,2.760537848256801,14.50549504489695,Park,5,Regular,1,9.910038006301296,2.0
R1336,35.69256024246577,3.601540701237779,17.48719638339489,Park,4,Premium,1,12.994523924324097,8.0
R1337,27.843839786103832,2.838862034941924,10.13911103988279,Suburb,6,Premium,1,13.102981904186755,10.0
R1338,21.00380854833134,3.0466321223674466,8.31598658586357,Industrial,4,Premium,1,11.94348760104414,9.0
R1339,18.88295524298333,3.2312412193232407,17.685479514218606,Downtown,4,Premium,1,12.693867203974543,7.0
R1340,31.389650714862658,3.008757746877777,11.3915646221778,Park,3,Regular,1,13.887705765062496,7.0
R1341,23.109363909874986,1.1943580916434544,9.66511536483248,Downtown,2,Regular,1,16.770014786237283,3.0
R1342,27.217199237670414,3.5363437198923204,14.901051468069593,Suburb,5,Premium,1,7.061771395133178,6.0
R1343,23.46235249057233,3.815440049908524,14.465133773552088,Suburb,6,Premium,1,16.521182206732526,10.0
R1344,26.13948881005089,3.474348862579367,19.747966403643034,Downtown,3,Regular,1,12.461724473672536,5.0
R1345,38.17008501441706,3.0627951969864635,30.14448493627755,Downtown,2,Regular,0,9.397880834394705,9.0
R1346,23.93117663106436,1.1996327598427579,11.932325462593607,Suburb,1,Regular,1,3.45122814111712,10.0
R1347,29.439035663894554,5.420029823635477,25.633797400684387,Downtown,1,Premium,0,10.842519789460587,9.0
R1348,21.33066605915738,1.9301369935324302,8.520382016698303,Downtown,6,Regular,1,9.091447349981284,1.0
R1349,25.729316965111856,2.544159333203527,16.593783854965505,Downtown,0,Premium,1,14.849233687583517,1.0
R1350,26.66228065148998,2.6299511902549075,60.0,Suburb,3,Premium,1,5.250669408416615,10.0
R1351,26.531338412113787,4.234550883794903,14.285877745673924,Suburb,6,Premium,1,13.035329078603407,8.0
R1352,28.414654041580498,2.9945877754219903,24.06617976091777,Downtown,2,Regular,1,18.344578650169552,7.0
R1353,70.0,2.896348845307118,14.822272517294492,Suburb,3,Regular,1,8.46591430072116,8.0
R1354,27.36437539148335,,18.256174495866702,Industrial,4,Premium,0,9.198092798271226,10.0
R1355,41.29364252534155,2.728404371775167,20.23923225211365,Park,4,Regular,1,7.348822034144741,8.0
R1356,22.843744120677066,3.4322272722281135,22.52504263489279,Downtown,0,Regular,1,12.019192465078264,7.0
R1357,36.123629580407126,3.165138161315691,20.308381570921235,Downtown,5,Premium,1,10.38909716885256,4.0
R1358,46.88754598104211,,14.71747370336297,Downtown,0,Regular,1,12.005525809610557,1.0
R1359,28.082162416637466,4.489604306772254,21.178551409640818,Industrial,3,Premium,1,16.106454732127496,5.0
R1360,40.84621225029845,2.868601747209035,11.322056804534103,Suburb,4,Premium,0,10.064821579756975,8.0
R1361,19.607521965757194,,12.35770698543826,Industrial,3,Regular,1,13.56656184228629,3.0
R1362,39.91815714867798,2.1238565070970257,26.496496456152368,Suburb,2,Premium,1,15.178405614692183,4.0
R1363,31.624334910035326,2.142430709029988,17.0338660477825,Park,2,Regular,0,14.027107431057466,10.0
R1364,39.796538492606366,5.4784773998051985,4.117820137104825,Suburb,4,Premium,0,13.980842698327638,7.0
R1365,22.83130229195232,,20.219760240702538,Industrial,1,Regular,1,11.011221353046592,4.0
R1366,31.26842924046038,4.00144700239025,13.355251538424591,Suburb,5,Regular,1,16.807536887734607,8.0
R1367,20.821706708166346,1.8290507488435805,29.26958996077316,Park,3,Premium,1,15.489102043653734,4.0
R1368,27.34622895273242,3.0706931634307395,11.310372468655467,Industrial,2,Premium,0,15.210675277522723,10.0
R1369,16.177434811770787,2.7581604488591682,20.36936815592224,Suburb,4,Premium,1,13.65158408598154,7.0
R1370,29.33673949481074,2.9212393570712774,19.965408532185435,Park,4,Premium,1,4.49166320904126,4.0
R1371,23.12522795775815,4.008431800311944,12.302513219784533,Suburb,5,Regular,1,8.550498536673981,7.0
R1372,24.37544141901702,2.9870914632763745,3.874104219715102,Industrial,6,Regular,0,10.891768966518175,6.0
R1373,36.61387866761048,3.140407148583835,6.640950410019874,Downtown,6,Regular,1,8.836053715189838,9.0
R1374,10.990127443964802,3.8232609394386774,12.441330707171478,Suburb,2,Regular,0,13.591030002803782,5.0
R1375,22.415355966828237,3.167347595003805,15.035148093286336,Downtown,0,Premium,1,7.6139399501702405,8.0
R1376,22.47174791316049,5.39940384848159,20.864691828919675,Park,3,Premium,1,14.132705514619326,9.0
R1377,32.97163251882703,3.854590351263213,13.758394885298303,Park,3,Regular,1,14.61243086059349,2.0
R1378,39.10091062870135,2.9053282230364457,11.20079324372591,Park,1,Regular,1,8.597860473234917,1.0
R1379,27.975936253881624,4.053931275555059,13.177730301537666,Suburb,4,Regular,1,8.659741952304836,6.0
R1380,25.96932545168965,,13.203389239510571,Park,2,Regular,1,12.065643764758844,4.0
R1381,38.99350356889224,2.8592206126845374,12.060490474814289,Downtown,4,Regular,1,11.408189338484965,5.0
R1382,33.397196783076865,3.0305463367975087,16.69968190326274,Suburb,5,Premium,0,11.703270180990348,5.0
R1383,29.868278518990348,4.15953918045451,2.024261246911296,Park,6,Premium,1,12.288640728255462,6.0
R1384,38.9843240719492,2.9318719514655553,19.00569238299837,Suburb,1,Regular,1,13.448908274338923,1.0
R1385,30.75525762568298,1.9364140862645658,10.714931960983781,Suburb,1,Regular,1,9.923917446310385,2.0
R1386,25.091873944046295,2.973390400994878,10.19070210591277,Industrial,5,Premium,1,12.832320478549315,9.0
R1387,40.02749477487549,2.4626064778958763,13.877091498011218,Suburb,3,Premium,1,15.559895777626567,9.0
R1388,32.690038003771924,4.237872570541358,8.664450393273468,Park,0,Premium,0,9.380043559364605,4.0
R1389,24.67495435594319,3.937153879562974,14.306111306280366,Industrial,2,Regular,1,9.355687982224435,9.0
R1390,21.516464741643947,3.39336293774362,12.545238212391006,Park,2,Premium,1,11.359855786442738,3.0
R1391,29.067500769992886,1.515044015835695,15.984303770270154,Industrial,3,Regular,1,16.340612964680734,10.0
R1392,32.131751584916074,2.6039474504745566,9.986649577351361,Industrial,4,Premium,0,9.698586533243633,1.0
R1393,27.620628070873288,3.154432145512175,19.192657681220787,Downtown,3,Premium,0,13.346583090419713,7.0
R1394,25.54361238586906,,15.661965034647931,Park,6,Regular,1,15.245327741499473,3.0
R1395,30.432489988068106,3.1220383474174818,13.704269306208415,Suburb,6,Premium,0,10.844585169447155,8.0
R1396,43.782286131763236,1.4530805119611296,11.837215412953919,Downtown,4,Regular,1,10.510150034216196,6.0
R1397,32.8753461922961,5.502555345326748,13.479040491246439,Suburb,4,Premium,0,6.762686612258963,10.0
R1398,34.33124933742825,4.240562465195011,15.46808648312211,Downtown,0,Premium,1,8.578027372280133,2.0
R1399,29.258122480639855,2.814183791837451,17.04450718266086,Suburb,2,Regular,1,12.006118145770802,6.0
R1400,33.39856217106134,4.912511964362502,18.284920919593628,Park,6,Premium,1,16.164807312340052,10.0
R1401,30.179882441235282,2.1685232530532583,13.253425594961403,Industrial,3,Premium,1,10.920772816548716,4.0
R1402,35.74618688382266,,14.279256841298212,Park,6,Regular,1,15.135598680312873,5.0
R1403,28.61018915646031,2.7067632913045783,15.15831815080728,Downtown,6,Regular,1,13.87044726612547,2.0
R1404,34.77346679997799,4.518614097409251,5.870398942117653,Industrial,2,Premium,0,20.152205923829396,8.0
R1405,30.822552147917442,,8.244328257244106,Industrial,3,Regular,1,7.57453843937744,10.0
R1406,36.02172202649481,4.495630376035334,6.10445383069211,Downtown,2,Regular,1,14.88995089300584,1.0
R1407,19.795042078236207,3.2687121976780937,5.2387877211689595,Park,6,Regular,1,9.760466178710423,1.0
R1408,27.15747416782747,0.9201725961383866,23.72519524062815,Downtown,3,Regular,1,12.498095724979466,9.0
R1409,45.30650025211143,2.968797048052449,15.238603110556689,Suburb,4,Premium,0,5.460964544209638,7.0
R1410,43.97316041667717,3.2282978542776095,8.297029719846103,Park,6,Regular,0,13.079272625337074,10.0
R1411,50.78654740261774,2.5176604015645663,19.48703549338407,Downtown,4,Regular,1,13.457448327145507,10.0
R1412,33.8996239617915,2.1075377745939274,16.411867921308247,Park,0,Premium,1,12.429749248698794,6.0
R1413,27.8367313354823,4.311123795729127,12.399529462856078,Downtown,0,Regular,1,11.271320154941378,3.0
R1414,36.99859265494721,4.086749238097281,6.096449751678737,Downtown,1,Regular,1,9.609427414185564,1.0
R1415,25.95138802937605,2.0278430769121965,5.3723001225400875,Industrial,5,Premium,1,7.483396181439324,2.0
R1416,38.38435312991065,,14.989840348854575,Downtown,4,Premium,1,10.173521999822695,2.0
R1417,21.992828167370128,3.724951139689124,10.443288799330432,Suburb,6,Regular,1,18.187809056883534,2.0
R1418,36.17743656764929,2.5635245274552014,9.902928719629665,Suburb,2,Regular,1,15.152586629474506,6.0
R1419,16.742964749088948,,17.1653157247746,Downtown,5,Premium,1,14.100604301079766,1.0
R1420,30.258643397996828,1.4921326883431347,8.360582255646094,Industrial,2,Premium,1,12.679726807906697,5.0
R1421,44.327519562695514,3.0275476811938407,12.345987237498152,Suburb,3,Premium,1,7.156865097448446,3.0
R1422,15.480793138717159,3.9474978500293356,15.625991071711857,Suburb,4,Regular,1,11.01963454038393,4.0
R1423,33.14020626218197,1.4653396699681795,15.180351431095492,Park,2,Premium,1,13.623458508560914,5.0
R1424,26.058758572190175,3.159342571783408,17.11603323612009,Downtown,1,Regular,0,6.185072732531843,5.0
R1425,42.872944480531665,5.464280842258576,13.987975797777324,Industrial,1,Premium,1,6.158444697397812,1.0
R1426,15.212362305148334,1.0344909510923812,18.03083332492945,Downtown,2,Regular,1,12.895598094374108,6.0
R1427,18.994970599514232,1.7248938343925508,11.191067733140407,Park,4,Premium,1,6.832384810113031,7.0
R1428,48.93837733032724,2.172336366665753,12.593079545352797,Suburb,6,Premium,1,10.147223426109182,7.0
R1429,26.388399231836626,1.7922300533374824,16.878804731205296,Downtown,2,Regular,1,12.070696703320673,4.0
R1430,28.902681396623574,4.952669691399858,13.67618490201209,Industrial,1,Regular,1,11.573541611089114,7.0
R1431,26.71770822332025,2.7414440462265426,17.22743354465709,Downtown,0,Regular,1,5.162304133923133,6.0
R1432,34.841666439775786,2.8334681672707656,11.06070062867767,Downtown,5,Regular,1,7.347058759142127,3.0
R1433,26.84710501716792,,15.783594118235575,Industrial,4,Premium,1,8.546331708136858,9.0
R1434,28.068971942921134,-0.1257099354899971,15.146596424802476,Industrial,3,Regular,1,14.375726053139735,2.0
R1435,22.355226145503494,1.979765729492666,19.75439633640182,Suburb,6,Premium,1,13.513030144805548,5.0
R1436,31.52890155107604,4.561218811758247,18.588942181564775,Suburb,5,Regular,0,12.5730223305277,3.0
R1437,33.72669423320426,4.145689302428073,12.588498636626362,Suburb,5,Premium,1,9.438559869369513,2.0
R1438,39.0595046571312,2.6805474977184467,16.512217157007967,Downtown,3,Regular,1,10.374895501515297,2.0
R1439,34.59549652645588,1.9812454254747742,7.9455741672775115,Downtown,0,Premium,1,5.955125533609879,8.0
R1440,32.823167871344204,2.5009114462793884,14.503559515732693,Industrial,5,Regular,1,13.176265546456817,8.0
R1441,29.431691153675178,3.9504781227056487,12.13395109282179,Industrial,6,Regular,1,11.466042774682949,2.0
R1442,40.961034851334595,3.201419974856198,8.534473040749548,Downtown,5,Regular,1,11.250461900188483,5.0
R1443,19.57978229654846,4.0023768130069435,20.41483411982007,Industrial,0,Premium,1,10.982014749580424,4.0
R1444,25.588574176919842,2.0311259039211307,10.113678255779082,Park,2,Regular,0,19.632832547249663,10.0
R1445,26.16381062392961,2.9343994247497736,18.241145547087672,Downtown,6,Regular,1,11.034562367609718,5.0
R1446,23.464640007345203,,18.503476048693496,Park,4,Regular,1,16.81668712238909,2.0
R1447,31.853364591888326,2.110397780412993,15.113172957503284,Industrial,6,Regular,0,7.19813659740425,10.0
R1448,27.868261139005952,1.423574168135123,11.767866972445571,Industrial,5,Regular,1,4.853103501344503,7.0
R1449,34.93147125237457,4.200640902259019,14.936736386204378,Park,0,Regular,0,6.76253803194607,1.0
R1450,21.157968951116445,3.171829677038207,22.89718548690407,Downtown,4,Premium,1,16.686178043030946,1.0
R1451,30.797018218676115,3.308649006072709,21.11650642857781,Downtown,6,Premium,1,20.615624150996894,4.0
R1452,41.26331581596898,1.8029709055579763,20.011961676219126,Industrial,6,Regular,1,10.75192257403358,6.0
R1453,22.678717221876024,2.1163562347045826,9.745877459133322,Downtown,2,Regular,1,5.256533080080195,4.0
R1454,25.684476774281823,2.8016108670951554,13.382291183638758,Industrial,6,Regular,1,11.802379402031804,4.0
R1455,32.13176165189928,1.9245851244036096,16.103311608909397,Downtown,6,Regular,1,7.369203855968385,6.0
R1456,24.339382886032688,4.1955812542141215,22.642107932876584,Industrial,4,Regular,1,10.726579270124471,6.0
R1457,24.57939832429627,,14.106091373134962,Industrial,1,Premium,1,6.098522313133661,7.0
R1458,25.43647386484946,3.7523075998263153,21.181536813391823,Park,0,Premium,1,18.397161553912436,4.0
R1459,27.713607186073023,2.258242161384088,7.00351556884994,Industrial,5,Regular,0,14.502065243178809,5.0
R1460,23.282114948911385,,8.876797126100996,Downtown,0,Premium,1,10.263790819358674,10.0
R1461,53.27711250634992,1.5606591012886173,15.306924504256997,Downtown,1,Premium,0,11.540216490256041,3.0
R1462,22.04540519433306,3.690972442714695,18.884737959534355,Industrial,6,Regular,1,11.534064489106749,9.0
R1463,27.88567504787188,3.354948339914089,15.33137763080691,Industrial,4,Premium,1,10.831632413170013,3.0
R1464,44.2435664789821,,60.0,Suburb,5,Premium,1,14.042706469095304,6.0
R1465,30.271115271076983,3.587609102959496,21.067914399312034,Suburb,1,Regular,1,12.045544193596086,3.0
R1466,30.62046727480312,2.4405275272550617,25.544099033583244,Downtown,1,Regular,1,10.946909178062198,4.0
R1467,14.274316441187187,3.2418494361953383,25.105722754289687,Downtown,4,Regular,1,9.937730221526145,1.0
R1468,36.11284515813281,5.43568255119483,20.070842294888255,Park,4,Regular,1,13.950730996483438,2.0
R1469,33.80222884670311,4.797115827764561,9.461660427251955,Industrial,2,Regular,0,10.60466802019113,10.0
R1470,29.821246036990132,3.0130244659833476,19.58867639655706,Industrial,2,Regular,0,10.88022379081462,2.0
R1471,22.024239157203287,2.43978290133705,8.013245923921623,Industrial,6,Premium,1,11.711479765538831,9.0
R1472,25.707376336257724,2.922536955300285,6.089674322160544,Downtown,3,Regular,0,12.479468314247724,7.0
R1473,29.246550688182605,2.32792563552675,25.049716030708936,Industrial,0,Premium,1,8.394521976005962,10.0
R1474,37.839125378781624,2.739903382796342,19.34906777837221,Downtown,2,Regular,1,14.259473286942956,1.0
R1475,32.160662968878526,1.8559400106758204,12.757575243210368,Industrial,5,Regular,1,10.715606833129048,8.0
R1476,12.586502333990172,3.2304590803135014,9.781314975672917,Downtown,2,Regular,1,12.455451881362071,4.0
R1477,17.12832031110836,3.426804236070277,16.7311677300316,Downtown,1,Premium,1,13.895721409123297,3.0
R1478,25.255754419200432,1.6960086929693523,5.401768207622894,Park,0,Premium,0,9.37908683878434,6.0
R1479,38.30399268035389,3.188888681701518,19.62810708739986,Industrial,6,Premium,1,12.730158016525724,4.0
R1480,16.270697721484495,3.0361186981236017,17.89820579967259,Suburb,5,Regular,1,14.661229947503507,3.0
R1481,29.217784511617126,3.183470517374022,5.425909872893518,Industrial,0,Premium,0,12.871201874090332,9.0
R1482,26.760221730909,3.4005636699499404,12.876053622733139,Suburb,4,Regular,0,12.689902545383422,6.0
R1483,27.728301083671354,3.4514183288562696,20.319344626071643,Park,4,Regular,1,10.01778473822081,6.0
R1484,37.468916123102886,4.153746134002292,17.61269979961699,Industrial,6,Premium,1,6.74322075061284,2.0
R1485,38.76728424134669,4.450519311192291,18.089506741017978,Park,1,Premium,1,13.975207461442634,7.0
R1486,30.875354204622283,4.004428980531405,7.9576502508139315,Suburb,5,Premium,1,8.471554109055784,6.0
R1487,15.52991086851038,2.914150450573738,10.184509539599583,Industrial,5,Regular,1,13.908186636123018,6.0
R1488,37.41501943834019,2.5336994878349275,19.25806301865863,Suburb,6,Regular,1,14.048236422457315,5.0
R1489,39.125963304661354,3.336915397706414,14.820355786794334,Downtown,4,Regular,1,9.636215631714904,2.0
R1490,23.00930396144839,3.503218946530924,10.632090199728589,Downtown,2,Premium,1,11.816042988571516,9.0
R1491,70.0,2.855851440713656,12.973761421714066,Industrial,1,Premium,1,12.5251124403781,5.0
R1492,41.330404026639144,4.714866804169343,12.343616621172394,Suburb,1,Regular,0,14.307471684280475,8.0
R1493,22.821588292792587,2.9294004677923295,12.178901808578608,Suburb,0,Regular,1,17.995189608111133,8.0
R1494,38.133888203214894,3.7491816194230516,20.520781461774,Industrial,3,Premium,1,7.621255841534456,6.0
R1495,32.88984463436478,3.3051877192719674,8.599966081827386,Suburb,1,Premium,1,13.220677136288224,8.0
R1496,36.22971425722408,2.829822550466232,19.66909705896584,Downtown,0,Premium,1,18.08508044742345,8.0
R1497,30.366317014535422,2.1554303169153783,10.521134701518307,Industrial,3,Regular,1,11.69065228953813,7.0
R1498,35.84803161290847,2.4928837704084366,13.145581941824483,Downtown,6,Regular,1,13.002312904378485,8.0
R1499,15.929391279895583,4.297146518052138,17.72216703310814,Park,3,Premium,1,14.916442630128202,3.0
