track_name,released_year,released_month,released_day,in_spotify_playlists,in_spotify_charts,streams,danceability,energy,acousticness,instrumentalness,liveness,speechiness,track_id
Seven (feat. Latto) (Explicit Ver.),2023,7,14,553,147,141381703,80,83,31,0,8,4,1
LALA,2023,3,23,1474,48,133716286,71,74,7,0,10,4,2
vampire,2023,6,30,1397,113,140003974,51,53,17,0,31,6,3
Cruel Summer,2019,8,23,7858,100,800840817,55,72,11,0,11,15,4
WHERE SHE GOES,2023,5,18,3133,50,303236322,65,80,14,63,11,6,5
Sprinter,2023,6,1,2186,91,183706234,92,58,19,0,8,24,6
Ella Baila Sola,2023,3,16,3090,50,725980112,67,76,48,0,8,3,7
Columbia,2023,7,7,714,43,58149378,67,71,37,0,11,4,8
fukumean,2023,5,15,1096,83,95217315,85,62,12,0,28,9,9
La Bebe - Remix,2023,3,17,2953,44,553634067,81,48,21,0,8,33,10
un x100to,2023,4,17,2876,40,505671438,57,72,23,0,27,5,11
Super Shy,2023,7,7,422,55,58255150,78,82,18,0,15,7,12
Flowers,2023,1,12,12211,115,1316855716,71,68,6,0,3,7,13
Daylight,2023,4,14,3528,98,387570742,51,43,83,0,9,3,14
As It Was,2022,3,31,23575,130,2513188493,52,73,34,0,31,6,15
Kill Bill,2022,12,8,8109,77,1163093654,64,73,5,17,16,4,16
Cupid - Twin Ver.,2023,2,24,2942,77,496795686,78,59,43,0,34,3,17
"What Was I Made For? [From The Motion Picture ""Barbie""]",2023,7,13,873,104,30546883,44,9,96,0,10,3,18
Classy 101,2023,3,31,2610,40,335222234,86,66,14,0,12,16,19
Like Crazy,2023,3,24,596,68,363369738,63,73,0,0,36,4,20
LADY GAGA,2023,6,22,332,26,86444842,65,74,22,0,42,4,21
I Can See You (TaylorпїЅпїЅпїЅs Version) (From The ,2023,7,7,516,38,52135248,69,76,6,0,6,3,22
I Wanna Be Yours,2013,1,1,12859,110,1297026226,48,42,12,2,11,3,23
"Peso Pluma: Bzrp Music Sessions, Vol. 55",2023,5,31,1313,40,200647221,85,67,26,0,12,5,24
Popular (with Playboi Carti & Madonna) - The Idol Vol. 1 (Music from the HBO Original Series),2023,6,2,1945,87,115364561,85,68,7,0,36,20,25
SABOR FRESA,2023,6,22,250,26,78300654,79,86,9,0,9,9,26
Calm Down (with Selena Gomez),2022,3,25,7112,77,899183384,80,80,43,0,14,4,27
MOJABI GHOST,2023,6,29,859,40,61245289,81,71,14,0,56,4,28
Last Night,2023,1,31,2420,19,429829812,52,68,46,0,15,4,29
Dance The Night (From Barbie The Album),2023,5,25,2988,101,127408954,67,85,2,0,33,5,30
Rush,2023,7,13,864,78,22581161,74,84,0,0,11,6,31
TULUM,2023,6,28,266,34,52294266,56,87,39,0,11,5,32
Creepin',2022,12,2,6036,88,843957510,71,61,36,0,8,5,33
Anti-Hero,2022,10,21,9082,56,999748277,64,63,12,0,19,5,34
TQG,2023,2,23,4284,49,618990393,72,63,67,0,9,28,35
Los del Espacio,2023,6,1,1150,31,123122413,81,68,11,0,11,4,36
FrпїЅпїЅgil (feat. Grupo Front,2023,4,7,672,34,188933502,61,73,37,0,11,3,37
Blank Space,2014,1,1,11434,53,1355959075,75,68,9,0,13,6,38
Style,2014,1,1,7830,42,786181836,60,79,0,0,12,4,39
TQM,2023,5,19,584,28,176553476,79,85,27,0,11,6,40
El Azul,2023,2,10,692,25,354495408,56,65,23,0,10,6,41
Sunflower - Spider-Man: Into the Spider-Verse,2018,10,9,24094,78,2808096550,76,50,54,0,7,5,42
I'm Good (Blue),2022,8,26,12482,80,1109433169,56,97,4,0,35,4,43
See You Again,2017,7,21,13387,64,1047101291,56,56,37,0,11,10,44
Barbie World (with Aqua) [From Barbie The Album],2023,6,23,1117,80,65156199,77,58,52,0,23,25,45
Angels Like You,2020,11,27,3372,19,570515054,67,64,10,0,10,3,46
I Ain't Worried,2022,5,13,8431,76,1085685420,71,81,11,0,6,5,47
Die For You,2016,11,24,2483,59,1647990401,59,52,9,0,15,7,48
Starboy,2016,9,21,29536,79,2565529693,68,59,16,0,13,28,49
Die For You - Remix,2023,2,24,3408,47,518745108,53,53,23,0,44,7,50
El Cielo,2023,6,2,1298,38,107753850,72,64,7,0,10,5,51
Baby Don't Hurt Me,2023,4,6,4277,66,177740666,60,91,0,0,12,3,52
AMARGURA,2023,2,24,1133,39,153372011,92,70,18,0,15,7,53
(It Goes Like) Nanana - Edit,2023,6,15,2259,59,57876440,67,88,12,19,8,4,54
Another Love,2012,10,15,18371,83,1813673666,45,54,70,0,9,4,55
Blinding Lights,2019,11,29,43899,69,3703895074,50,80,0,0,9,7,56
Moonlight,2023,2,24,2649,42,256483385,64,72,51,0,17,5,57
La Bachata,2022,5,26,6804,45,1214083358,84,68,58,0,22,4,58
S91,2023,7,14,525,41,16011326,86,72,59,0,9,19,59
cardigan,2020,7,24,7923,29,812019557,61,58,55,0,27,4,60
TпїЅпї,2023,5,4,731,15,111947664,86,96,50,1,9,5,61
Boy's a liar Pt. 2,2023,2,3,5184,41,156338624,70,81,25,0,25,5,62
Left and Right (Feat. Jung Kook of BTS),2022,6,24,3107,39,720434240,88,59,62,0,9,3,63
BESO,2023,3,24,4053,50,357925728,77,64,74,0,17,14,64
Hey Mor,2022,10,6,4637,38,674072710,90,59,0,0,10,29,65
Yellow,1999,1,1,31358,43,1755214421,43,66,0,0,23,3,66
Karma,2022,10,21,3818,23,404562836,64,62,7,0,48,7,67
People,2022,12,2,3506,56,373199958,59,42,55,0,10,7,68
Overdrive,2023,7,14,410,36,14780425,56,73,0,0,35,4,69
Enchanted (Taylor's Version),2023,7,7,148,24,39578178,51,53,1,0,15,3,70
BABY HELLO,2023,6,23,1004,35,54266102,77,89,17,0,43,5,71
Heat Waves,2020,6,28,22543,63,2557975762,76,53,44,0,9,9,72
golden hour,2022,7,15,4511,36,751134527,51,59,65,18,25,3,73
Sweater Weather,2012,5,14,16413,61,2282771485,61,81,5,2,10,3,74
"Quevedo: Bzrp Music Sessions, Vol. 52",2022,7,6,8506,45,1356565093,62,78,1,3,23,4,75
Viva La Vida,2008,1,1,33898,62,1592909789,49,62,9,0,11,3,76
Here With Me,2022,7,17,3246,23,635412045,58,48,50,0,12,3,77
Unholy (feat. Kim Petras),2022,9,22,8576,42,1230675890,71,47,1,0,27,9,78
Yandel 150,2022,12,20,3618,38,585695368,78,73,5,0,10,7,79
CORAZпїЅпїЅN VA,2023,6,22,370,20,43857627,68,79,33,0,30,6,80
Riptide,1975,1,1,31123,55,2009094673,48,73,43,0,15,4,81
Until I Found You (with Em Beihold) - Em Beihold Version,2022,4,22,2790,30,600976848,34,57,78,0,20,3,82
Novidade na пїЅпї,2023,6,23,267,9,39709092,63,34,76,0,35,9,83
Back To December (Taylor's Version),2023,7,7,139,17,39228929,50,64,1,0,12,3,84
STAY (with Justin Bieber),2021,7,9,17050,36,2665343922,59,76,4,0,10,5,85
El Merengue,2023,3,3,2114,44,223633238,78,68,3,1,11,4,86
Someone You Loved,2018,11,8,17836,53,2887241814,50,41,75,0,11,3,87
Me Porto Bonito,2022,5,6,8870,43,1440757818,91,71,9,0,9,8,88
Makeba,2015,6,22,6060,53,165484133,82,66,39,51,25,7,89
MONTAGEM - FR PUNK,2012,6,20,641,50,58054811,63,82,70,8,9,7,90
Fast Car,2023,3,24,1446,12,157058870,71,60,19,0,12,3,91
What It Is (Solo Version),2023,3,17,804,25,95131998,74,76,6,0,10,9,92
Coco Chanel,2023,3,17,1962,38,250305248,68,76,4,0,10,4,93
DonпїЅпїЅпїЅt Bl,2017,11,8,4875,23,685032533,62,53,11,0,6,4,94
Still With You,2020,6,5,31,39,38411956,53,47,9,0,83,4,95
All My Life (feat. J. Cole),2023,5,12,2175,23,144565150,83,44,15,0,10,33,96
Say Yes To Heaven,2023,3,17,2000,46,127567540,49,35,71,9,11,3,97
Snooze,2022,12,9,2839,25,399686758,56,55,14,0,11,13,98
Summertime Sadness,2011,1,1,20333,52,983637508,56,66,7,0,12,3,99
Take Two,2023,6,9,674,47,118482347,62,59,3,0,38,3,100
Lover,2012,1,1,8448,23,882831184,43,55,50,0,15,10,101
Too Many Nights (feat. Don Toliver & with Future),2022,12,2,2110,58,286400165,68,71,15,0,11,5,102
Chemical,2023,4,14,2528,39,172825906,50,90,0,0,12,5,103
Mockingbird,2004,1,1,12985,61,1241559043,62,67,21,0,13,28,104
New Jeans,2023,7,7,77,35,29562220,81,72,51,0,12,5,105
Primera Cita,2022,4,20,266,27,77309611,54,40,61,0,10,6,106
Cold Heart - PNAU Remix,2017,11,10,21097,52,1605224506,80,80,4,0,10,3,107
Dandelions,2017,4,28,3423,21,1116995633,61,69,2,0,9,3,108
Bones,2021,3,11,4198,44,838079900,77,72,2,0,7,5,109
Set Fire to the Rain,2011,1,1,14739,43,1163620694,61,68,0,0,13,3,110
Money Trees,2012,1,1,26792,32,1093605526,74,53,7,0,21,10,111
Tak Segampang Itu,2022,12,2,213,6,179659294,51,44,76,0,11,3,112
LAGUNAS,2023,6,22,58,18,39058561,77,62,33,1,15,3,113
Mine (Taylor's Version),2023,7,7,99,15,36912123,65,78,0,0,17,4,114
Everybody Wants To Rule The World,1985,2,17,41751,25,1205951614,64,81,36,0,11,6,115
No Role Modelz,2014,12,9,21164,36,1791000570,70,52,30,0,6,33,116
Tattoo,2023,2,25,2988,59,201660859,55,78,24,0,12,8,117
Rara Vez,2023,2,8,893,38,248088961,84,71,18,0,34,17,118
VAGABUNDO,2023,5,12,1094,34,90839753,82,85,4,0,23,6,119
august,2020,7,24,7324,22,607123776,51,61,53,0,9,3,120
LUNA,2023,6,22,201,11,55842345,75,63,33,0,15,4,121
Miracle (with Ellie Goulding),2023,3,10,5120,48,211050784,64,87,4,4,8,4,122
Nonsense,2022,7,15,2346,27,342897938,74,68,3,0,26,4,123
Que Vuelvas,2022,12,9,763,26,2762,49,64,19,0,11,4,124
Por las Noches,2021,6,11,457,24,330346424,81,60,31,0,7,3,125
Feliz CumpleaпїЅпїЅos Fe,2022,8,19,3430,38,601863821,87,55,10,0,29,7,126
Can't Hold Us (feat. Ray Dalton),2011,8,16,6074,52,1953533826,63,93,3,0,10,8,127
Watermelon Sugar,2019,11,17,21915,34,2322580122,55,82,12,0,34,5,128
lovely - Bonus Track,2017,8,11,15032,30,2355719893,35,30,93,0,10,3,129
"Rauw Alejandro: Bzrp Music Sessions, Vol. 56",2023,6,21,871,32,66902503,78,65,10,0,26,5,130
Queencard,2023,5,15,451,33,96273746,82,83,3,0,27,5,131
OMG,2023,1,2,1783,27,430977451,80,77,36,0,11,4,132
Radio,2011,1,1,9389,46,284819874,42,86,21,0,9,9,133
"Shakira: Bzrp Music Sessions, Vol. 53",2023,1,11,5724,44,721975598,78,63,27,0,9,5,134
505,2007,4,20,13985,25,1217120710,52,85,0,0,7,5,135
"Calling (Spider-Man: Across the Spider-Verse) (Metro Boomin & Swae Lee, NAV, feat. A Boogie Wit da Hoodie)",2023,6,2,1051,16,109276132,63,54,46,0,12,8,136
Trance (with Travis Scott & Young Thug),2022,12,2,1682,46,276259178,75,53,18,0,18,34,137
"Tere Vaaste (From ""Zara Hatke Zara Bachke"")",2023,5,22,182,8,54225632,76,72,32,0,9,4,138
Perfect,2017,1,1,16596,13,2559529074,60,45,16,0,11,2,139
Romantic Homicide,2022,7,20,2335,23,681583126,56,55,45,1,32,3,140
Believer,2017,1,31,18986,23,2594040133,77,78,4,0,23,11,141
Novo BalanпїЅ,2023,5,19,283,7,81102253,84,50,67,0,13,6,142
"Gol Bolinha, Gol Quadrado 2",2023,6,1,293,8,11956641,93,65,42,0,12,25,143
Without Me,2002,1,1,21081,43,1687664027,92,66,0,0,36,9,144
QUEMA,2023,7,13,437,31,11599388,79,89,5,0,6,5,145
Stargirl Interlude,2016,11,24,1275,32,611700552,59,48,38,5,10,11,146
Ojitos Lindos,2022,5,6,6135,38,1133865788,65,69,8,0,53,4,147
Somewhere Only We Know,2004,1,1,20015,16,1089402494,45,59,6,0,8,3,148
Those Eyes,2019,5,10,1507,14,411747614,60,35,73,0,31,3,149
El Gordo Trae El Mando,2023,1,27,539,21,255932395,74,80,18,0,5,5,150
Mi Bello Angel,2023,6,30,86,8,31873544,81,77,1,0,9,5,151
Bye,2023,5,26,324,14,95053634,78,81,57,0,10,5,152
Danza Kuduro,2010,1,1,17138,37,1279434863,47,92,8,0,5,24,153
Nosso Quadro,2023,2,2,894,9,233801632,69,71,33,0,31,20,154
Locked Out Of Heaven,2012,12,5,1622,9,1481349984,73,70,6,0,28,5,155
Un Finde | CROSSOVER #2,2023,4,4,561,14,142095275,50,52,11,0,28,6,156
Jimmy Cooks (feat. 21 Savage),2022,6,17,5871,27,618885532,54,67,0,0,9,17,157
Counting Stars,2013,1,1,29215,43,2011464183,66,71,6,0,12,4,158
Ghost,2021,3,19,5866,24,1167330737,61,74,21,0,40,6,159
Under The Influence,2019,10,4,3859,26,929964809,73,69,6,0,11,4,160
PRC,2023,1,23,961,26,436027885,78,83,10,0,12,5,161
Gasolina,2004,7,13,6457,18,657723613,86,80,33,0,8,6,162
One Dance,2016,4,4,43257,24,2713922350,77,63,1,0,36,5,163
Enchanted,2010,1,1,4564,16,621660989,45,62,8,0,16,3,164
Save Your Tears,2020,3,20,12688,13,1591223784,68,82,2,0,50,3,165
Sure Thing,2010,5,25,13801,19,950906471,68,60,3,0,19,10,166
Every Breath You Take - Remastered 2003,1983,1,6,22439,19,1593270737,82,45,54,0,7,3,167
The Night We Met,2015,2,2,18515,35,1410088830,45,37,97,25,64,4,168
We Found Love,2011,1,1,36843,21,1235005533,73,77,3,0,11,4,169
When I Was Your Man,2012,12,5,2420,11,1661187319,60,27,94,0,14,4,170
Let Me Down Slowly,2018,5,25,5897,19,1374581173,65,55,73,0,14,3,171
"Am I Dreaming (Metro Boomin & A$AP Rocky, Roisee)",2023,6,2,727,16,94186466,60,53,4,0,21,4,172
Do I Wanna Know?,2013,1,1,33783,26,1788326445,55,53,17,0,22,3,173
Demons,2012,1,1,26694,13,1840364617,33,71,20,0,28,5,174
ээээээээээээ,2023,4,12,356,16,143573775,57,94,11,0,37,9,175
Reminder,2016,11,25,6518,17,684675814,71,50,16,0,16,22,176
Shake It Off,2014,1,1,21335,13,1113838873,65,80,5,0,41,16,177
Why'd You Only Call Me When You're High?,2013,1,1,23389,29,1267333350,70,63,4,0,8,4,178
SNAP,2022,3,19,3202,18,726307468,56,64,11,0,45,6,179
Shape of You,2017,1,6,32181,10,3562543890,83,65,58,0,9,8,180
Night Changes,2014,11,17,7124,18,1131090940,67,52,86,0,12,4,181
Fin de Semana,2023,1,13,592,14,307370144,70,54,6,0,9,8,182
Creep,1992,9,21,36724,7,1271293243,53,34,1,0,12,4,183
Car's Outside,2019,10,18,794,10,265882712,34,56,4,0,11,3,184
Apocalypse,2017,3,21,13091,17,841749534,37,47,2,46,11,3,185
Cheques,2023,5,19,67,8,47956378,74,63,26,0,27,5,186
Pink + White,2016,8,20,21574,30,806397070,54,55,67,0,42,11,187
Circles,2019,8,30,19664,16,2132335812,70,75,24,0,9,4,188
Just The Way You Are,2010,1,1,21106,13,1641426668,63,85,1,0,9,5,189
Take Me To Church,2013,9,13,23804,31,2135158446,57,66,63,0,12,5,190
Bebe Dame,2022,12,16,849,22,367316268,54,60,30,0,7,5,191
You Belong With Me (TaylorпїЅпїЅпїЅs Ve,2021,4,9,2619,12,350381515,63,73,5,0,9,3,192
Titi Me Preguntпї,2022,5,6,9037,42,1264310836,65,72,10,0,13,25,193
Better Than Revenge (Taylor's Version),2023,7,7,86,11,30343206,50,89,0,0,19,8,194
Shut up My Moms Calling,2020,2,10,1788,14,405136812,48,41,32,0,10,10,195
Have You Ever Seen The Rain?,1968,7,1,15890,14,1145727611,74,70,7,0,13,3,196
Es un Secreto,2010,7,20,492,36,540654286,84,77,12,0,7,4,197
POLARIS - Remix,2023,6,8,773,33,57312735,62,80,15,0,37,7,198
Ditto,2022,12,19,1154,22,397582059,81,64,3,0,10,11,199
Take On Me,1984,10,19,44927,17,1479115056,57,90,2,0,9,5,200
"Annihilate (Spider-Man: Across the Spider-Verse) (Metro Boomin & Swae Lee, Lil Wayne, Offset)",2023,6,2,551,4,86773632,61,48,21,0,12,6,201
"Angel Pt 1 (feat. Jimin of BTS, JVKE & Muni Long)",2023,5,1,577,14,133753727,53,67,11,0,10,28,202
AcrпїЅпїЅs,2023,5,11,955,29,123124076,75,48,84,0,10,12,203
AMG,2022,11,24,995,19,463564958,77,73,15,0,27,10,204
"Phir Aur Kya Chahiye (From ""Zara Hatke Zara Bachke"")",2023,5,15,178,6,64533040,56,55,53,0,12,4,205
S-Class,2023,6,2,290,19,65496046,89,78,9,0,7,33,206
Hits Different,2023,5,26,547,0,68616963,67,78,15,0,30,4,207
Chanel,2023,3,30,681,10,161460990,85,68,40,0,9,4,208
Self Love (Spider-Man: Across the Spider-Verse) (Metro Boomin & Coi Leray),2023,6,2,332,5,70106975,78,30,21,0,13,5,209
Area Codes,2023,3,17,1197,13,113509496,82,39,2,0,9,49,210
Abcdario,2023,5,13,262,5,89933133,70,43,78,0,11,3,211
Obsessed,2022,9,29,161,6,71007139,80,74,62,0,8,9,212
PiпїЅпїЅman Deпї,2023,6,2,185,3,43522589,73,62,28,0,13,13,213
FLOWER,2023,3,31,839,18,232896922,84,39,3,0,11,4,214
"All The Way Live (Spider-Man: Across the Spider-Verse) (Metro Boomin & Future, Lil Uzi Vert)",2023,6,2,259,0,37126685,77,55,18,0,22,15,215
Eyes Closed,2023,3,23,2915,30,195576623,78,53,30,0,11,6,216
Escapism.,2022,10,12,5129,25,532336353,54,74,14,0,9,11,217
La Jumpa,2022,11,30,3794,34,538115192,71,70,30,0,32,19,218
Karma (feat. Ice Spice),2023,5,26,588,0,46142772,62,62,6,0,58,6,219
Superhero (Heroes & Villains) [with Future & Chris Brown],2022,12,2,2959,16,401036314,72,59,14,0,20,21,220
Las Morras,2023,4,4,291,8,127026613,78,84,31,0,7,4,221
CHORRITO PA LAS ANIMAS,2022,12,2,2321,36,345031710,74,83,11,0,35,6,222
Ch y la Pizza,2022,12,1,536,10,288101651,66,60,40,0,14,13,223
Snow On The Beach (feat. More Lana Del Rey),2023,5,26,359,2,60350538,66,40,81,0,11,3,224
Players,2022,11,30,4096,6,335074782,95,52,3,0,5,16,225
Bite Me,2023,5,22,349,69,76767396,80,78,28,0,11,14,226
Stand By Me (feat. Morgan Wallen),2023,5,26,381,5,46065667,76,58,6,0,16,3,227
Normal,2022,7,8,2461,36,459276435,71,56,4,0,27,12,228
Hummingbird (Metro Boomin & James Blake),2023,6,2,277,1,39666245,59,60,46,1,25,13,229
Seu Brilho Sumiu - Ao Vivo,2023,3,1,967,5,138517666,63,92,31,0,91,5,230
Bad Habit,2022,6,29,8186,12,822633917,69,51,63,0,38,4,231
CUFF IT,2022,7,29,7842,10,595900742,78,69,4,0,7,14,232
Lilith (feat. SUGA of BTS) (Diablo IV Anthem),2023,6,5,215,6,51985779,43,74,1,0,19,8,233
69,2023,5,18,1134,22,57945987,79,62,11,0,11,23,234
NiпїЅпїЅa Bo,2023,4,21,1305,34,115010040,82,62,10,0,10,15,235
Search & Rescue,2023,4,7,2066,6,175097833,82,44,6,0,33,7,236
AMERICA HAS A PROBLEM (feat. Kendrick Lamar),2023,5,19,896,0,57089066,78,70,1,0,16,4,237
Lavender Haze,2022,10,21,3763,8,488386797,73,44,26,0,16,8,238
"Link Up (Metro Boomin & Don Toliver, Wizkid feat. BEAM & Toian) - Spider-Verse Remix (Spider-Man: Across the Spider-Verse )",2023,6,2,197,0,32761689,92,51,41,51,26,8,239
Efecto,2022,5,6,4004,33,1047480053,80,48,14,0,6,5,240
Erro Gostoso - Ao Vivo,2023,1,27,984,5,153454328,59,89,18,0,80,9,241
Cupido,2023,2,14,1240,24,217672943,91,58,52,0,31,22,242
Just Wanna Rock,2022,10,17,3995,13,457184829,49,55,7,0,6,3,243
Unstoppable,2016,1,21,7681,13,939844851,47,78,11,0,10,8,244
Until I Found You,2021,9,1,4427,4,726434358,34,51,69,0,18,4,245
Rich Flex,2022,11,4,4657,18,573633020,56,52,5,0,36,24,246
Easy On Me,2021,10,14,10195,20,1406111294,60,37,58,0,13,3,247
CartпїЅпїЅo B,2023,5,11,269,4,71573339,84,47,26,0,20,64,248
Danger (Spider) (Offset & JID),2023,6,2,214,0,24975653,83,69,4,0,23,12,249
Oi Balde - Ao Vivo,2023,2,14,845,2,145458418,67,67,60,0,80,5,250
The Real Slim Shady,2000,1,1,20763,27,1424589568,95,66,3,0,4,6,251
MERCHO,2022,12,16,1267,20,231332117,84,79,43,0,18,11,252
The Color Violet,2021,12,10,2585,32,415932686,65,53,16,0,9,5,253
Glimpse of Us,2022,6,10,6330,6,988515741,44,32,89,0,14,5,254
Mejor Que Yo,2023,5,4,675,1,50847624,62,66,18,0,12,5,255
Curtains,2023,5,5,715,0,39893489,50,76,10,0,32,5,256
UNFORGIVEN (feat. Nile Rodgers),2023,5,1,327,13,92035115,80,88,11,0,11,5,257
Haegeum,2023,4,21,244,12,118810253,70,84,31,0,47,30,258
ConexпїЅпїЅes de MпїЅпїЅfia (feat. Rich ,2023,4,30,385,4,77233241,77,58,39,0,26,5,259
MIENTRAS ME CURO DEL CORA,2023,2,24,1020,35,206399629,52,48,86,0,15,39,260
Never Felt So Alone,2023,4,7,1730,3,117747907,44,41,50,0,38,5,261
X SI VOLVEMOS,2023,2,2,2127,33,266624541,79,78,34,0,11,25,262
ceilings,2022,4,8,3242,9,293186992,51,33,48,0,22,3,263
Cupid,2023,2,24,526,10,139681964,77,66,65,0,38,3,264
I AM,2023,4,10,366,15,123132751,68,88,1,0,8,5,265
Cupid пїЅпїЅпїЅ Twin Ver. (FIFTY FIFTY) пїЅпїЅпїЅ Spe,1997,1,1,472,2,103762518,74,73,42,0,9,4,266
Shorty Party,2023,3,4,432,12,162887075,93,47,33,0,10,36,267
Super,2023,4,24,271,12,91221625,77,88,16,0,17,9,268
Slut Me Out,2022,4,22,816,4,190490915,94,61,12,0,53,42,269
Double Fantasy (with Future),2023,4,21,1169,0,96180277,60,57,1,0,50,3,270
All Of The Girls You Loved Before,2019,8,23,1282,6,185240616,72,47,71,0,13,4,271
PROVENZA,2022,4,21,6587,34,885093467,87,52,66,1,11,5,272
Princess Diana (with Nicki Minaj),2023,4,14,1444,4,104992946,90,68,14,0,10,19,273
Di Que Si,2023,2,3,356,10,147290338,57,59,8,0,6,5,274
Shivers,2021,9,9,10147,30,1302184087,79,86,28,0,4,9,275
Igualito a Mi Apпї,2022,12,30,265,6,158950978,76,81,19,0,6,9,276
Shoong! (feat. LISA of BLACKPINK),2023,4,25,351,9,76910644,76,70,1,0,41,6,277
Komang,2022,8,16,158,4,137123880,70,41,41,0,10,3,278
DESPECHпї,2022,7,28,7613,33,782369383,92,62,18,0,6,10,279
Made You Look,2022,10,21,3956,6,502574952,84,53,35,0,8,7,280
Watch This - ARIZONATEARS Pluggnb Remix,2023,2,5,1638,10,207033255,69,90,1,10,15,4,281
No Se Va,2022,4,28,924,18,404887295,59,53,12,0,23,3,282
Punto G,2022,11,4,1985,35,381161027,75,76,25,0,10,15,283
Lovers Rock,2014,6,5,6339,13,466231982,56,87,0,1,10,4,284
METAMORPHOSIS,2021,11,25,1561,24,357580552,59,64,43,90,12,10,285
Mami Chula,2023,4,27,875,4,61105704,80,70,22,0,9,4,286
En Paris,2022,12,24,406,5,198275403,70,48,37,0,12,5,287
Set Me Free Pt.2,2023,3,17,340,13,168448603,59,82,12,0,12,6,288
I Was Never There,2018,3,29,4188,15,705469769,32,74,14,0,17,3,289
Don't ever say love me (feat. RM of BTS),2023,5,4,105,0,34502215,54,48,36,0,37,5,290
Shut Down,2022,9,16,1524,17,482175240,82,69,0,0,18,4,291
Gato de Noche,2022,12,22,2651,30,304118600,89,66,17,0,36,16,292
Call Out My Name,2018,3,29,11087,6,1449799467,45,60,21,0,33,4,293
Like Crazy (English Version),2023,3,24,373,19,173627354,62,76,0,0,39,4,294
Rosa Pastel,2023,2,2,200,4,90025258,70,68,24,0,11,4,295
Sunroof,2021,12,3,3741,17,652704649,77,71,35,0,15,4,296
Lose Yourself - Soundtrack Version,2002,1,1,32502,21,1829992958,70,73,1,0,36,26,297
Superman,2002,5,26,7615,14,655466831,80,76,2,0,20,6,298
Mas Rica Que Ayer,2023,3,2,1208,34,146409671,82,67,34,0,9,8,299
People Pt.2 (feat. IU),2023,4,7,209,4,95816024,73,57,39,0,32,6,300
REMIX EXCLUSIVO,2023,3,17,1235,9,117206995,65,56,4,0,15,20,301
"ArcпїЅпїЅngel: Bzrp Music Sessions, Vol",2023,3,22,654,3,100409613,72,78,55,0,15,30,302
DOGTOOTH,2023,3,27,1479,0,80758350,71,65,51,0,22,32,303
10:35,2022,11,1,4942,26,325592432,70,79,7,0,18,10,304
SORRY NOT SORRY,2023,3,31,709,0,58473276,48,80,40,0,37,20,305
HAPPY,2023,3,25,660,0,52722996,73,86,31,0,12,4,306
La Bebe,2021,12,24,489,17,191945597,78,46,62,0,12,35,307
I Know - PR1SVX Edit,2023,3,24,407,0,77377503,67,76,8,47,30,7,308
Late Night Talking,2022,5,20,7461,8,743693613,71,73,30,0,11,5,309
LeпїЅ,2022,12,9,993,4,267789608,74,87,45,0,30,3,310
Save Your Tears (with Ariana Grande) (Remix),2020,3,20,9161,5,1221813483,65,79,3,0,10,3,311
Something in the Orange,2022,4,22,3282,12,449701773,59,38,42,0,12,3,312
VOID,2023,3,29,596,0,67070410,72,66,18,4,19,4,313
Dijeron Que No La Iba Lograr,2023,3,14,320,6,116334601,70,79,26,0,11,7,314
Midnight Rain,2022,10,21,2612,4,433356509,64,37,72,0,12,7,315
If We Ever Broke Up,2023,2,10,2040,4,165584767,90,73,62,0,9,4,316
You Proof,2022,5,13,2128,9,367814306,73,85,25,0,61,3,317
LA INOCENTE,2022,4,1,2598,37,477033549,76,79,31,0,7,6,318
Malas Decisiones,2022,10,26,542,2,156214700,81,79,5,0,31,3,319
Murder In My Mind,2022,1,21,2459,20,448843705,71,97,1,0,13,11,320
Gangsta's Paradise,1995,7,11,10624,17,1357608774,63,61,9,0,56,6,321
CAIRO,2022,11,13,2418,26,294352144,95,69,47,0,9,31,322
I Love You So,2014,11,28,7536,7,972164968,58,67,65,0,13,4,323
Dark Red,2017,2,20,10431,7,920045682,60,78,45,0,12,6,324
Say You Won't Let Go,2016,9,9,15722,16,2420461338,40,56,69,0,9,5,325
The Hills,2015,5,27,25744,4,1947371785,36,57,9,0,14,8,326
Heart To Heart,2019,5,10,1640,0,244658767,90,14,67,35,11,10,327
Peaches (from The Super Mario Bros. Movie),2023,4,7,34,0,68216992,71,31,79,0,10,5,328
Marisola - Remix,2022,12,15,1845,16,223582566,77,87,17,0,7,5,329
LOKERA,2022,7,25,3301,30,471819764,83,83,21,0,10,5,330
Low,2022,12,9,1911,0,272377463,70,55,43,0,16,6,331
Numb,2003,3,24,20111,5,1361425037,50,86,0,0,64,4,332
Tormenta (feat. Bad Bunny),2023,2,24,1529,0,149778242,64,77,46,0,38,6,333
on the street (with J. Cole),2023,3,3,615,2,116599790,68,82,53,0,9,13,334
One Thing At A Time,2022,12,2,811,4,148469433,61,91,0,0,26,3,335
Miss You,2022,8,5,5730,10,497225336,59,74,1,0,15,5,336
AinпїЅпїЅпїЅt Tha,2023,3,3,356,4,88791109,64,80,0,0,36,3,337
ThinkinпїЅпїЅпїЅ B,2023,3,3,604,6,125917280,66,76,49,0,12,3,338
Private Landing (feat. Justin Bieber & Future),2023,2,23,1190,0,105062254,84,67,8,0,11,6,339
Everything I Love,2023,1,31,579,0,95623148,56,85,0,0,15,3,340
Heaven,2023,2,17,1553,2,144584800,57,76,7,0,33,3,341
LET GO,2022,12,15,2301,20,298063749,74,45,86,0,21,38,342
Sial,2023,1,23,134,4,166570053,56,43,89,0,12,4,343
I Wrote The Book,2023,1,31,430,0,83021468,68,81,9,0,8,4,344
"Apna Bana Le (From ""Bhediya"")",2022,11,5,86,0,139836056,59,56,80,0,6,3,345
SPIT IN MY FACE!,2022,10,31,629,14,303216294,73,79,5,2,11,6,346
PLAYA DEL INGLпїЅ,2022,12,15,1701,15,221409663,79,74,8,0,11,5,347
Man Made A Bar (feat. Eric Church),2023,3,3,329,0,58890931,50,76,12,0,12,3,348
Red Ruby Da Sleeze,2023,3,3,1168,0,81419389,70,73,12,0,11,26,349
Kahani Suno 2.0,2022,5,31,162,6,156777415,58,38,91,0,10,4,350
Nobody Gets Me,2022,12,9,2536,6,284908316,36,28,81,0,18,3,351
PERO Tпї,2023,2,23,387,11,93438910,86,79,39,0,11,29,352
Hype Boy,2022,8,1,892,17,363472647,59,94,27,0,29,23,353
Bloody Mary,2011,1,1,3909,0,372476382,59,65,2,0,13,3,354
MonotonпїЅ,2022,10,19,3645,15,380726517,87,70,42,0,21,5,355
эээ98 Braves,2023,3,3,282,0,56533272,49,67,10,0,26,3,356
WANDA,2023,1,20,888,22,175399345,72,63,25,0,21,7,357
Thought You Should Know,2022,5,6,968,4,203221468,53,70,49,0,14,3,358
In The End,2000,10,24,25065,6,1624165576,55,90,1,0,32,6,359
Zona De Perigo,2022,12,8,531,4,134294498,81,77,75,0,35,3,360
Lovezinho,2022,7,28,242,0,70069745,82,59,30,0,12,4,361
I Like You (A Happier Song) (with Doja Cat),2022,6,3,5281,14,609293408,74,69,12,0,12,7,362
Neverita,2022,5,6,2590,30,671365962,88,50,7,0,14,5,363
Vista Al Mar,2022,9,8,1769,34,362361576,76,56,80,12,10,13,364
Sem AlianпїЅпїЅa no ,2022,12,23,454,4,93587665,53,36,73,0,11,33,365
Enemy (with JID) - from the series Arcane League of Legends,2021,9,3,6180,7,1223481149,72,76,24,0,42,28,366
Revenge,2017,8,25,3600,11,1022258230,75,25,78,0,11,26,367
Bombonzinho - Ao Vivo,2022,11,3,1254,6,263453310,65,95,31,0,92,5,368
LA CANCIпїЅ,2019,6,28,6398,31,1435127549,75,65,15,0,11,32,369
QuпїЅпїЅ Ago,2022,10,20,660,15,236857112,73,57,56,0,5,2,370
Love Again,2023,1,27,1283,0,147538971,66,40,72,0,11,3,371
After Hours,2020,2,19,8084,6,698086140,66,57,10,1,12,3,372
About Damn Time,2022,7,15,2332,2,723894473,84,74,10,0,34,7,373
Born With A Beer In My Hand,2023,3,3,203,0,34450974,53,81,5,0,36,4,374
эээээээээээээээээээээ,2020,5,20,685,14,403097450,60,76,17,0,19,5,375
Besos Moja2,2022,9,29,2460,13,309483971,74,73,6,0,10,6,376
Maan Meri Jaan,2022,10,12,288,6,319566866,70,51,35,0,10,4,377
Moscow Mule,2022,5,6,4572,33,909001996,80,67,29,0,12,3,378
My Universe,2021,9,24,6127,13,1061966512,58,68,1,0,14,4,379
Devil DonпїЅпїЅпїЅ,2023,3,3,166,0,32526947,53,66,38,0,9,3,380
LLYLM,2023,1,27,1838,0,124988687,56,63,13,0,19,27,381
I'm Not Here To Make Friends,2023,1,27,1890,0,103787664,70,90,17,0,41,6,382
TRUSTFALL,2023,1,27,2098,16,134255790,64,89,0,0,15,9,383
ANTIFRAGILE,2022,10,17,761,12,301051721,88,80,8,0,11,8,384
Boy's a liar,2022,11,30,1225,0,156338624,66,84,25,0,21,4,385
VIBE (feat. Jimin of BTS),2023,1,13,415,2,152850295,79,68,7,0,26,4,386
Shirt,2022,10,28,3469,0,309653982,82,45,15,3,9,10,387
Lift Me Up - From Black Panther: Wakanda Forever - Music From and Inspired By,2022,10,28,3311,0,297328960,25,30,90,0,13,3,388
STAR WALKIN' (League of Legends Worlds Anthem),2022,9,22,2616,0,332506354,64,72,15,0,9,5,389
"Sex, Drugs, Etc.",2016,11,4,3006,16,480507035,57,84,1,1,52,4,390
Boy With Luv (feat. Halsey),2019,4,12,4260,0,1065580332,65,86,9,0,19,10,391
"Hey, Mickey!",2016,9,27,482,0,122763672,92,51,55,0,15,6,392
Calm Down,2022,2,9,4013,10,445763624,81,78,38,0,12,4,393
Jhoome Jo Pathaan,2022,12,22,138,4,1365184,82,74,10,0,33,7,394
Escapism. - Sped Up,2022,11,25,1368,0,184308753,44,77,9,0,9,20,395
Space Song,2015,1,1,17852,4,789753877,51,79,22,13,14,3,396
Dreamers [Music from the FIFA World Cup Qatar 2022 Official Soundtrack],2022,11,20,889,20,323358833,71,88,16,0,44,4,397
Te Felicito,2022,4,21,4796,9,606361689,70,64,23,0,8,32,398
MuпїЅпїЅ,2023,1,12,658,6,120972253,68,71,3,0,31,8,399
TV,2022,7,21,3009,2,338564981,41,25,84,1,14,4,400
I'm Not The Only One,2014,1,1,17492,3,1606986953,68,49,56,0,8,4,401
Heather,2020,3,20,6170,7,1301799902,47,43,62,0,32,3,402
"Besharam Rang (From ""Pathaan"")",2022,12,12,130,4,140187018,77,80,6,0,15,4,403
One Kiss (with Dua Lipa),2017,6,2,27705,10,1897517891,79,86,4,0,8,11,404
Sugar Rush Ride,2023,1,27,359,0,107642809,71,89,1,0,17,9,405
Pink Venom,2022,8,19,1963,16,551305895,80,69,2,0,27,10,406
WAIT FOR U (feat. Drake & Tems),2022,4,27,5491,14,556585270,46,64,31,0,7,34,407
Don't Start Now,2019,10,31,27119,0,2303033973,79,79,1,0,10,8,408
After Dark,2014,8,8,1776,14,646886885,58,60,7,41,8,3,409
Eu Gosto Assim - Ao Vivo,2022,9,16,1473,4,222612678,64,91,15,0,72,4,410
INDUSTRY BABY (feat. Jack Harlow),2021,7,23,13315,0,1814349763,74,70,2,0,5,6,411
MIDDLE OF THE NIGHT,2020,1,10,4057,8,872137015,41,61,2,0,12,5,412
Atlantis,2015,4,22,3045,6,571386359,40,48,5,0,12,3,413
PUNTO 40,2022,9,22,3006,12,304079786,87,83,0,4,31,9,414
Evoque Prata,2022,9,9,852,0,174006928,87,52,31,0,28,24,415
How Do I Say Goodbye,2022,8,5,2163,15,284785823,40,64,21,0,7,7,416
Blind,2022,12,9,1484,0,163284000,46,28,91,0,21,4,417
Die For You,2022,11,4,1703,0,246390068,47,52,38,13,29,5,418
Doja,2022,7,20,4169,44,482257456,91,57,38,0,40,29,419
Gatita,2022,10,3,1054,0,168684524,90,81,15,24,33,6,420
Rumble,2022,1,17,2849,0,78489819,81,84,5,23,6,6,421
Niagara Falls (Foot or 2) [with Travis Scott & 21 Savage],2022,12,2,1602,0,195516622,49,66,19,0,18,29,422
Yonaguni,2021,6,4,9644,28,1260594497,64,65,28,0,14,12,423
Super Freaky Girl,2022,8,12,4827,0,428685680,95,89,6,0,31,24,424
Running Up That Hill (A Deal With God),1985,9,16,21811,0,1024858327,63,55,72,0,6,6,425
Dream On,1973,1,5,168,0,838586769,39,43,39,0,23,3,426
Limbo,2022,8,11,688,0,199386237,80,62,3,6,11,46,427
Where Are You Now,2021,7,30,10565,44,972509632,67,64,52,0,17,10,428
WORTH NOTHING,2022,9,28,1612,0,213438580,58,62,18,0,20,8,429
Bad Habits,2020,9,3,12755,8,1555511105,81,90,5,0,36,3,430
KICK BACK,2022,10,12,574,4,210038833,58,94,0,0,9,11,431
Evergreen (You DidnпїЅпїЅпїЅt Deserve Me A,2022,4,8,2499,0,227918678,70,34,60,1,11,4,432
Good Days,2020,12,24,10426,2,826623384,46,78,23,0,72,6,433
Levitating (feat. DaBaby),2020,3,27,15894,8,1802514301,70,83,1,0,7,6,434
Woman,2021,6,25,9424,0,1329090101,82,76,9,0,12,9,435
Shut up My Moms Calling - (Sped Up),2022,9,14,713,7,181831132,65,47,31,0,12,10,436
Ferrari,2022,3,14,7758,28,462791599,84,69,1,0,5,5,437
"You're On Your Own, Kid",2022,10,21,2537,2,348647203,69,39,41,0,13,6,438
"Kesariya (From ""Brahmastra"")",2022,7,17,292,6,366599607,58,57,57,0,10,3,439
Agudo MпїЅпїЅgi,1930,1,1,323,0,90598517,65,80,22,4,7,5,440
Payphone,2012,1,1,14143,4,1479264469,74,74,2,0,29,4,441
All I Want for Christmas Is You,1994,10,28,25653,0,1449779435,34,63,16,0,7,4,442
Last Christmas,1984,1,1,22153,0,1159176109,74,65,28,0,46,3,443
Rockin' Around The Christmas Tree,1958,1,1,14994,0,769213520,70,41,71,0,45,5,444
Jingle Bell Rock,1957,1,1,10326,0,741301563,74,37,84,0,6,3,445
It's Beginning To Look A Lot Like Christmas,2011,10,14,12353,0,807561936,35,23,91,0,29,3,446
Santa Tell Me,2013,12,13,9408,0,834129063,46,63,5,0,30,18,447
It's the Most Wonderful Time of the Year,1963,10,14,8879,0,663832097,24,60,77,0,12,4,448
Let It Snow! Let It Snow! Let It Snow!,1959,11,16,6512,0,446390129,45,24,91,0,18,4,449
Snowman,2017,1,1,5140,0,690104769,72,51,48,0,9,3,450
Underneath the Tree,2013,10,25,6596,0,485285717,51,81,0,0,21,5,451
Feliz Navidad,1970,11,1,3788,0,520034544,50,82,47,0,34,4,452
Holly Jolly Christmas,2011,10,14,7655,0,476244795,65,47,87,0,9,4,453
Mistletoe,2011,1,1,9577,0,629173063,67,54,51,0,9,4,454
Sleigh Ride,1963,11,22,10114,0,404664135,53,77,40,0,32,3,455
Seek & Destroy,2022,12,9,1007,0,98709329,65,65,44,18,21,7,456
Love Language,2022,12,9,1127,0,110849052,71,26,85,0,13,8,457
Happy Xmas (War Is Over),1971,12,1,10829,0,460492795,33,61,32,0,77,3,458
Used (feat. Don Toliver),2022,12,8,1042,0,94005786,73,69,53,0,32,9,459
A Holly Jolly Christmas - Single Version,1952,1,1,7930,0,395591396,67,36,64,0,15,3,460
The Christmas Song (Merry Christmas To You) - Remastered 1999,1946,11,1,11500,0,389771964,36,15,84,0,11,4,461
Wonderful Christmastime - Edited Version / Remastered 2011,1979,11,16,1685,0,403939487,75,58,36,0,9,3,462
Do They Know It's Christmas? - 1984 Version,1984,11,25,14169,0,481697415,60,57,0,2,27,3,463
Ghost in the Machine (feat. Phoebe Bridgers),2022,12,9,1634,0,110073250,62,43,84,3,11,5,464
Special,2022,12,9,906,0,88092256,60,20,78,0,11,5,465
Merry Christmas Everyone,1984,1,1,1087,0,351636786,72,87,14,0,13,3,466
Let It Snow! Let It Snow! Let It Snow!,1950,1,1,10585,0,473248298,60,32,88,0,34,6,467
SOS,2022,12,9,827,0,73981293,51,66,67,0,9,23,468
Open Arms (feat. Travis Scott),2022,12,8,1420,4,155653938,67,59,76,1,15,16,469
White Christmas,1942,1,1,11940,0,395591396,23,25,91,0,40,3,470
Driving Home for Christmas - 2019 Remaster,1986,1,1,888,0,429504768,51,58,36,0,18,4,471
Christmas (Baby Please Come Home),1963,11,22,9122,0,242767149,34,76,39,0,8,5,472
Gone Girl,2022,12,9,892,0,65362788,43,44,57,0,15,6,473
F2F,2022,12,9,989,0,67540165,53,74,9,0,34,4,474
Notice Me,2022,12,9,819,0,62019074,72,68,28,0,11,12,475
Merry Christmas,2017,11,10,2209,0,135723538,59,94,24,0,10,4,476
It's Beginning to Look a Lot Like Christmas (with Mitchell Ayres & His Orchestra),1958,1,1,6290,0,295998468,73,32,77,0,15,5,477
My Only Wish (This Year),2000,11,7,6952,0,261116938,67,72,17,0,19,3,478
Antidepresan,2022,11,4,313,2,136689549,70,59,3,0,10,3,479
Wild Flower (with youjeen),2022,12,2,353,2,135611421,49,77,3,0,12,9,480
I Hate U,2021,12,3,4094,0,356709897,54,39,51,0,11,16,481
Raindrops (Insane) [with Travis Scott],2022,12,2,880,0,110649992,80,54,9,0,38,5,482
SPIT IN MY FACE!,2022,10,31,573,0,301869854,70,57,9,20,11,7,483
Deck The Hall - Remastered 1999,1959,1,1,3299,0,127027715,69,36,81,0,8,4,484
Smoking on my Ex Pack,2022,12,9,811,0,57144458,47,68,24,0,22,38,485
Conceited,2022,12,9,899,0,56870689,79,46,5,0,11,7,486
Snow On The Beach (feat. Lana Del Rey),2022,10,21,2415,0,323437194,66,32,69,0,12,4,487
Maroon,2022,10,21,2304,0,317726339,64,40,6,0,10,6,488
TubarпїЅпїЅo Te,2022,9,28,1003,0,116144341,89,74,30,0,7,36,489
Bejeweled,2022,10,21,2699,0,328207708,70,56,6,0,9,7,490
Tarot,2022,5,6,2482,20,608228647,80,68,2,0,66,4,491
You Make It Feel Like Christmas (feat. Blake Shelton),2005,9,20,2577,0,180577478,63,88,1,0,12,4,492
Desesperados,2021,6,25,6821,34,809306935,87,69,36,0,9,8,493
Too Late,2022,12,8,714,0,49262961,45,68,78,0,39,8,494
Party,2022,5,6,3185,4,614555082,83,80,2,0,24,9,495
Run Rudolph Run - Single Version,1958,1,1,8612,0,245350949,69,71,79,0,7,8,496
Jingle Bells - Remastered 1999,1957,1,1,4326,0,178660459,51,34,73,0,10,5,497
Far,2022,12,9,680,0,51641685,61,55,67,0,16,8,498
On Time (with John Legend),2022,12,2,398,0,78139948,33,59,76,0,44,6,499
GATпїЅпїЅ,2022,8,25,3328,13,322336177,63,86,26,0,21,39,500
эээabcdefu,2021,8,13,7215,0,1007612429,70,54,30,0,37,5,501
Sacrifice,2022,1,7,4440,0,326792833,70,79,3,0,7,10,502
Is There Someone Else?,2022,1,7,2881,6,391251368,70,58,4,0,16,3,503
Fingers Crossed,2022,1,5,2235,0,349585590,60,47,62,0,31,5,504
Out of Time,2022,1,7,3711,0,339659802,65,74,27,0,32,5,505
Do It To It,2021,8,20,12403,0,674772936,85,81,2,5,7,9,506
We Don't Talk About Bruno,2021,11,19,2785,0,432719968,58,45,36,0,11,8,507
Pepas,2021,6,24,14114,17,1309887447,76,77,1,0,13,3,508
How Do I Make You Love Me?,2022,1,7,1915,0,119238316,80,51,2,0,9,8,509
Gasoline,2022,1,7,2297,0,116903579,74,73,0,0,21,5,510
Infinity,2017,6,23,4375,0,888046992,67,67,15,0,30,4,511
Less Than Zero,2022,1,7,2800,0,200660871,53,79,0,0,8,3,512
Take My Breath,2021,8,6,2597,0,130655803,70,77,1,0,26,4,513
good 4 u,2021,5,14,15563,6,1887039593,56,66,28,0,11,18,514
"Here We GoпїЅпїЅпїЅ Again (feat. Tyler, the Cr",2022,1,7,1420,0,88103848,41,64,36,0,60,3,515
Best Friends,2022,1,7,1292,0,101114984,49,59,44,0,35,21,516
Kiss Me More (feat. SZA),2021,4,9,15867,0,1575467011,77,66,30,0,13,3,517
I Heard You're Married (feat. Lil Wayne),2022,1,7,1178,0,91656026,75,84,10,0,31,19,518
Need To Know,2021,6,11,6672,0,1042568408,66,61,30,0,9,7,519
MONTERO (Call Me By Your Name),2020,9,18,12329,0,1735441776,61,51,30,0,38,15,520
love nwantiti (ah ah ah),2019,7,26,5669,2,726837877,74,73,61,0,13,4,521
Dawn FM,2022,1,7,811,0,53933526,27,49,62,0,49,5,522
Surface Pressure,2021,11,19,1756,0,267758538,65,58,2,0,4,31,523
Starry Eyes,2022,1,7,1014,0,74601456,28,41,50,0,19,3,524
THATS WHAT I WANT,2021,9,17,7963,0,920797189,74,85,1,0,5,22,525
One Right Now (with The Weeknd),2021,11,5,4771,0,539595276,68,78,4,0,7,5,526
Beggin,2017,12,8,8559,0,1367810478,71,80,13,0,36,5,527
Mon Amour - Remix,2020,9,21,3221,2,578207856,75,76,12,0,10,10,528
Lo Siento BB:/ (with Bad Bunny & Julieta Venegas),2021,10,5,3423,26,775542072,64,70,9,0,9,8,529
MONEY,2021,9,10,2566,13,863625566,83,55,16,0,14,23,530
The Motto,2021,11,4,9151,6,656013912,75,76,3,0,9,4,531
Happier Than Ever,2021,7,30,8476,0,1056760045,31,24,76,0,14,4,532
Moth To A Flame (with The Weeknd),2021,10,22,7495,17,611994237,56,67,0,0,11,4,533
traitor,2021,5,21,5257,6,1230855859,29,33,68,0,12,5,534
Toxic,2021,9,10,1795,0,582981380,59,61,84,0,46,36,535
drivers license,2021,1,8,12685,3,1858144199,59,43,76,0,10,7,536
MalvadпїЅпї,2021,11,30,648,1,240684449,82,61,38,0,14,27,537
All Too Well (10 Minute Version) (Taylor's Version) (From The Vault),2021,11,12,4635,5,583687007,63,52,28,0,9,3,538
DonпїЅпїЅпїЅt Break My,2022,1,7,1184,0,63803529,77,62,34,0,23,3,539
Oh My God,2021,11,19,4431,0,466214729,53,73,9,0,3,5,540
Entre Nosotros (Remix) [con Nicki Nicole],2022,1,5,759,3,236940480,70,44,40,0,37,4,541
A Tale By Quincy,2022,1,7,733,0,41924466,46,50,71,0,10,11,542
I AM WOMAN,2021,11,18,2795,0,225259194,65,47,12,0,13,16,543
Medallo,2021,10,27,2780,2,393230256,79,70,57,0,66,8,544
It'll Be Okay,2021,12,1,1950,0,287201015,40,29,62,0,9,3,545
Softcore,2018,3,9,3947,12,599770206,57,58,5,0,15,3,546
Super Gremlin,2021,10,30,2551,0,342779426,83,41,0,0,36,14,547
Volvпї,2021,8,3,5375,10,673801126,73,86,42,0,7,18,548
Todo De Ti,2020,11,2,11975,8,1168642797,81,63,40,1,10,4,549
Love Nwantiti - Remix,2019,8,30,2696,0,540539717,58,60,44,9,5,6,550
Smokin Out The Window,2021,11,5,4963,0,383550148,63,62,6,0,35,4,551
Meet Me At Our Spot,2020,3,13,6734,0,530511203,77,47,2,0,9,3,552
Every Angel is Terrifying,2022,1,7,715,0,37307967,44,94,11,0,4,29,553
Tacones Rojos,2021,10,22,3047,9,510876816,75,86,8,0,14,3,554
Peaches (feat. Daniel Caesar & Giveon),2021,3,19,14140,0,1445941661,63,68,38,0,42,18,555
Dakiti,2020,10,30,11215,21,1763363713,73,57,40,0,11,5,556
"Tiago PZK: Bzrp Music Sessions, Vol. 48",2021,12,29,1678,12,374191487,66,82,47,0,10,32,557
LпїЅпїЅпї,2022,1,9,2035,0,108809090,56,55,35,0,23,11,558
NostпїЅпїЅl,2021,9,8,2780,2,436695353,73,85,17,0,24,5,559
Better Days (NEIKED x Mae Muller x Polo G),2021,9,24,4091,0,421040617,72,68,0,0,14,4,560
Life Goes On,2020,7,17,2868,0,501541661,70,49,19,0,12,8,561
Sad Girlz Luv Money Remix (feat. Kali Uchis),2021,9,16,3643,0,354065229,86,53,43,0,11,6,562
Butter,2021,5,21,4779,6,1143647827,79,36,0,0,6,11,563
pushin P (feat. Young Thug),2022,1,7,3517,0,311395144,77,42,1,1,13,19,564
You Right,2021,6,24,5073,0,672656250,83,62,2,0,8,6,565
deja vu,2021,4,1,7545,4,1256880657,44,60,61,0,42,9,566
Dynamite,2020,8,21,8528,5,1692897992,75,77,1,0,9,10,567
TO THE MOON,2021,11,5,2979,0,245095641,74,65,5,1,11,35,568
Lost in the Fire,2019,1,11,7731,2,686734357,66,68,9,0,12,4,569
Salimo de Noche,2021,10,21,1057,0,261414174,67,63,29,0,12,5,570
Volando - Remix,2021,7,8,3272,19,610045621,66,69,21,0,11,7,571
Leave The Door Open,2021,3,5,14417,0,1115880852,59,62,18,0,9,3,572
Knife Talk (with 21 Savage ft. Project Pat),2021,9,3,5199,0,594482982,85,37,13,0,7,30,573
Don't Be Shy,2021,8,1,6026,0,566954746,77,79,20,0,26,6,574
LA FAMA (with The Weeknd),2021,11,11,4640,3,374706940,77,30,95,0,13,5,576
The Family Madrigal,2021,11,19,1150,0,184937148,59,63,12,0,6,36,577
Phantom Regret by Jim,2022,1,7,768,0,31959571,46,48,75,30,14,4,578
Dos Oruguitas,2021,11,19,925,0,167076418,42,36,76,0,9,5,579
Freaks,2015,5,10,3006,3,824420218,35,94,0,63,5,5,580
Acapulco,2021,9,1,3098,0,363467642,77,79,5,0,16,5,581
Daddy Issues,2015,10,30,9771,4,1127468248,59,52,7,15,12,3,582
thought i was playing,2022,1,7,807,0,60680939,68,73,0,0,7,7,583
ELEVEN,2021,12,1,521,1,247737946,83,73,6,0,5,11,584
Mood (feat. Iann Dior),2020,7,24,12854,0,1699402402,70,72,22,0,27,4,585
What Else Can I Do?,2021,11,19,802,0,154797871,72,71,26,0,10,4,586
DANCE CRIP,2021,11,17,731,0,198883004,86,79,11,0,8,9,587
Miserable Man,2022,1,7,788,0,124407432,63,35,93,0,29,3,588
happier,2021,5,21,3069,4,850608354,39,45,81,0,8,13,589
Praise God,2021,8,29,4651,0,376333030,80,55,1,0,26,17,590
Get Into It (Yuh),2021,6,25,4999,0,516784627,91,66,32,0,9,16,591
Before You Go,2019,11,1,8327,24,1608045237,45,60,63,0,9,6,592
Sky,2020,12,25,3297,3,506778838,79,91,26,0,13,21,593
Rolling in the Deep,2010,11,29,35684,6,1472799873,73,76,13,0,5,3,594
Sobrio,2021,7,8,3506,10,513643924,76,77,14,0,15,22,595
Peru,2021,12,23,2999,0,261286503,96,42,57,0,8,9,596
favorite crime,2021,5,21,3681,0,783706581,40,29,86,0,34,4,597
Thunder,2021,5,7,4846,10,422691058,67,90,3,0,34,6,598
The Business,2020,1,1,14311,0,1062345656,80,62,41,2,11,23,599
positions,2020,10,23,8207,0,1252563873,73,80,44,0,9,12,600
I WANNA BE YOUR SLAVE,2021,3,19,4873,0,851070493,75,61,0,0,18,4,601
Vai LпїЅпїЅ Em Casa ,2021,10,22,772,0,263894529,46,83,53,0,97,28,602
The Feels,2021,10,1,1150,0,345903614,81,90,9,0,8,7,603
HEARTBREAK ANNIVERSARY,2020,2,21,5398,4,951637566,61,46,56,0,13,5,604
No Lie,2016,11,18,7370,0,956865266,74,89,5,0,26,13,605
OUT OUT (feat. Charli XCX & Saweetie),2021,8,13,6890,0,427486004,79,84,2,0,5,5,606
Pope Is a Rockstar,2016,4,20,1966,0,156658366,73,45,85,24,11,3,607
2055,2021,4,14,2226,0,624515457,78,52,46,0,12,31,608
Bored,2017,3,30,4204,0,777765388,60,33,90,0,8,5,609
Happier Than Ever - Edit,2021,7,28,1959,0,412795151,45,57,7,0,23,3,610
Astronaut In The Ocean,2019,1,1,7191,0,1138474110,78,70,18,0,15,9,611
Ley Seca,2021,9,2,2012,0,355219175,76,84,10,0,13,10,612
Every Summertime,2021,8,10,1211,2,290228626,63,67,38,0,6,4,613
Talking To The Moon,2010,10,4,7109,2,1062956628,52,61,51,0,11,3,614
you broke me first,2020,4,17,6638,0,1180094974,64,37,79,0,9,5,615
The Nights,2014,1,1,17354,8,1456081449,53,85,2,0,24,4,616
Take My Breath,2021,8,6,6392,0,432702334,75,74,2,0,11,5,617
Way 2 Sexy (with Future & Young Thug),2021,9,3,5481,0,489945871,80,60,0,0,32,14,618
CпїЅпїЅ,2021,6,25,2636,3,465959382,77,63,58,0,11,5,619
Enemy - from the series Arcane League of Legends,2021,10,27,824,0,1223481149,73,74,23,0,41,23,620
Dance Monkey,2019,5,10,24529,0,2864791672,82,59,69,0,18,10,621
Lucid Dreams,2017,6,15,14749,0,2288695111,44,48,38,0,33,24,622
QuпїЅпїЅ MпїЅпї,2021,1,28,8087,0,720825549,89,82,3,0,17,11,623
All of Me,2013,8,1,27221,0,2086124197,42,26,92,0,13,3,624
Smells Like Teen Spirit - Remastered 2021,1991,9,10,49991,9,1690192927,52,91,0,0,11,7,625
Arcade,2019,3,7,6646,0,991336132,45,33,82,0,14,4,626
Fair Trade (with Travis Scott),2021,9,3,5403,6,593917618,67,47,5,0,22,26,627
Bar,2021,11,11,755,4,200972675,52,69,13,0,33,8,628
The Rumbling (TV Size),2022,1,10,254,0,71014967,41,88,0,0,26,5,629
family ties (with Kendrick Lamar),2021,8,27,6308,5,560222750,71,61,1,0,23,33,630
Mr. Brightside,2003,9,23,51979,15,1806617704,35,93,0,0,10,8,631
Blessed-Cursed,2022,1,10,246,0,77337771,60,89,9,0,60,6,632
AM Remix,2021,6,24,6556,0,528544703,74,66,11,0,8,16,633
Streets,2019,11,7,5728,0,865640097,75,46,21,4,34,8,634
Shallow,2018,9,27,16636,12,2159346687,57,40,38,0,26,3,635
Polaroid Love,2022,1,10,461,0,211372494,74,67,46,0,36,4,636
Leave Before You Love Me (with Jonas Brothers),2021,4,28,4893,4,651732901,72,72,0,0,13,4,637
Permission to Dance,2021,7,9,1801,2,608334048,70,74,1,0,34,4,638
Friday (feat. Mufasa & Hypeman) - Dopamine Re-Edit,2021,1,15,12043,0,863756573,82,86,1,0,30,13,639
RAPSTAR,2021,4,9,4731,0,797402345,79,54,41,0,13,24,640
'Till I Collapse,2002,5,26,22923,0,1695712020,55,85,7,0,8,20,641
Memories,2019,9,20,9974,2,1759567999,77,32,84,0,8,5,642
Se Le Ve,2021,8,12,1560,0,223319934,56,76,10,0,14,11,643
25k jacket (feat. Lil Baby),2022,1,7,620,0,54937991,90,54,16,0,13,28,644
When IпїЅпїЅпїЅm Gone (with Katy ,2021,12,29,3270,0,226897599,69,89,4,0,49,3,645
EsqueпїЅпїЅa-Me Se For C,2021,10,14,580,0,258316038,80,69,28,0,13,7,646
MiпїЅпїЅn,2021,4,29,3406,16,596152090,85,54,16,0,29,7,647
SпїЅпїЅ,2021,11,18,903,0,177129919,63,75,17,0,11,8,648
MAMIII,2022,2,10,6809,28,716591492,84,70,9,0,14,8,649
Still D.R.E.,1999,1,1,33966,0,1210599487,81,78,18,0,6,24,650
Stay Alive (Prod. SUGA of BTS),2022,2,11,590,5,246376690,51,76,30,0,10,7,651
Boyfriend,2022,2,11,3766,0,496311364,35,61,23,0,19,6,652
The Joker And The Queen (feat. Taylor Swift),2022,2,11,1430,0,146789379,53,31,92,0,28,3,653
The Next Episode,1999,1,1,31762,0,843309044,92,89,3,0,8,25,654
Light Switch,2022,1,19,4049,0,500340342,69,63,11,0,9,31,655
City of Gods,2022,2,11,2096,0,107255472,47,80,10,0,32,38,656
Brividi,2022,2,2,1175,0,135079152,52,60,40,0,26,3,657
Lost,2012,1,1,29499,11,822239726,91,61,3,0,17,22,658
In Da Club,2002,1,1,30427,7,1202722675,90,71,26,0,7,37,659
she's all i wanna be,2022,2,4,2711,0,343197054,61,64,1,0,12,4,660
Ginseng Strip 2002,2013,8,16,4310,0,240769997,60,71,8,0,48,4,661
All For Us - from the HBO Original Series Euphoria,2019,8,4,5342,0,426204830,37,67,2,0,34,9,662
Notion,2016,8,5,2393,0,421135627,31,88,7,0,8,8,663
Formula,2019,10,4,3444,7,554875730,57,66,4,6,15,4,664
Mount Everest,2019,6,21,5443,0,467727006,46,43,23,8,8,22,665
Excuses,2020,7,24,272,4,327498031,84,72,8,0,15,8,666
Cigarettes,2021,12,10,975,0,185408548,60,62,3,0,38,4,667
"CayпїЅпїЅ La Noche (feat. Cruz CafunпїЅпїЅ, Abhir Hathi, Bejo, EL IMA)",2022,1,14,1034,1,245400167,67,75,44,0,7,30,668
California Love - Original Version (Explicit),1995,12,28,18773,0,579395142,77,84,3,0,38,4,669
Forgot About Dre,1999,1,1,19067,0,675039469,93,74,9,0,17,8,670
Down Under (feat. Colin Hay),2021,11,19,3541,2,252871192,31,86,1,0,28,17,671
Mujeriego,2021,12,17,1492,0,231996128,76,62,6,0,8,13,672
HUMBLE.,2017,3,30,33206,1,1929770265,91,60,0,0,9,12,673
Stan,1999,11,21,17115,0,918915401,78,74,4,0,45,21,674
Contection,2020,1,16,6955,0,1180896317,81,75,14,0,29,34,675
Swim,2017,10,4,2742,0,498960285,67,54,27,0,8,4,676
A Tu Merced,2020,2,29,4214,11,685071800,86,79,17,0,11,6,677
Numb Little Bug,2022,1,28,2026,0,258714692,74,52,30,0,26,9,678
212,2022,1,15,352,0,143139338,79,52,66,0,9,7,679
ProblemпїЅ,2021,10,22,1517,0,209768491,73,74,28,0,14,6,680
Bussin,2022,2,11,847,0,64714573,89,70,6,0,13,5,681
Worst Day,2022,2,11,910,0,50746620,65,60,11,0,10,40,682
Malvada,2022,1,28,601,0,154119539,89,86,16,0,8,5,683
Hrs and Hrs,2021,11,19,1800,0,181328253,51,53,60,0,11,18,684
Alien Blues,2015,7,24,1930,0,370068639,47,76,8,91,9,3,685
Thinking Out Loud,2014,1,1,33032,0,2280566092,78,45,47,0,18,3,686
Still Don't Know My Name,2019,10,4,6332,0,563902868,31,63,47,27,21,12,687
Christmas Tree,2021,12,24,509,9,317622165,44,38,70,0,12,4,688
Mal Feito - Ao Vivo,2022,1,14,971,2,291709698,73,83,55,0,90,7,689
When I R.I.P.,2019,10,4,2578,0,203680270,39,55,73,0,9,21,690
Do We Have A Problem?,2022,2,4,1064,0,81350745,84,51,47,0,12,40,691
Forever,2019,10,4,3618,0,282883169,56,46,92,72,11,3,692
Gospel (with Eminem),2022,2,4,1040,0,64787943,92,86,11,0,24,24,693
SeпїЅпїЅo,2019,6,19,15010,2,2484812918,76,52,4,0,8,3,694
NEW MAGIC WAND,2019,5,16,4708,0,461437791,62,73,10,0,67,11,695
Adore You,2019,12,6,13454,1,1439191367,68,77,2,0,10,5,696
La Santa,2020,2,29,4890,20,759208783,74,87,3,0,8,5,697
Something In The Way - Remastered 2021,1991,9,24,9514,0,368646862,44,20,74,42,11,3,698
Sweetest Pie,2022,3,11,3501,0,299634472,81,63,17,0,10,22,699
Bam Bam (feat. Ed Sheeran),2022,3,4,6111,4,756907987,76,70,18,0,33,4,700
Una Noche en MedellпїЅ,2022,1,21,5415,32,682475162,87,53,10,0,5,8,701
Envolver,2021,11,11,4673,2,546191065,81,73,15,0,9,8,702
Starlight,2022,3,3,1856,3,229473310,95,37,35,0,10,28,703
Hati-Hati di Jalan,2022,3,3,200,2,202677468,64,44,70,9,12,4,704
"I'm Tired - From ""Euphoria"" An Original HBO Series",2022,2,4,1888,0,121913181,28,20,19,0,30,3,705
DANпїЅпїЅA,2022,2,1,911,2,208166039,78,57,4,0,10,8,706
Yo Voy (feat. Daddy Yankee),2004,5,4,2954,2,527033089,81,70,4,0,5,24,707
"Residente: Bzrp Music Sessions, Vol. 49",2022,3,3,461,0,94616487,59,74,56,0,11,40,708
Jordan,2021,4,30,2844,2,394030335,80,68,6,0,10,37,709
Nail Tech,2022,2,18,2939,0,193443895,65,58,0,0,12,9,710
Chale,2022,2,18,695,11,299648208,55,44,40,0,7,4,711
DARARI,2022,2,15,328,0,182978249,72,64,49,0,7,4,712
Ya No Somos Ni Seremos,2022,2,18,866,16,319757142,59,45,44,0,34,3,713
Thinking with My Dick,2013,7,16,1550,0,109091573,77,70,6,0,17,20,714
Freaky Deaky,2022,2,25,1729,0,153240879,80,65,2,0,9,4,715
this is what falling in love feels like,2021,9,3,2005,0,346127840,42,44,62,0,8,6,716
La Zona,2020,2,29,1188,0,312622938,76,80,20,0,25,4,717
Bohemian Rhapsody - Remastered 2011,1975,10,31,40112,3,2197010679,41,40,27,0,30,5,718
Hope,2018,3,16,3659,0,1200808494,59,46,66,0,15,6,719
Levitating,2020,3,27,9833,0,797196073,69,88,5,0,29,8,720
Wake Me Up - Radio Edit,2013,1,1,50887,34,1970673297,53,78,0,0,16,5,721
"jealousy, jealousy",2021,5,21,3257,0,665765558,70,58,24,0,7,13,722
MonпїЅпїЅy so,2021,9,10,1473,0,263779030,69,57,12,0,10,9,723
Demasiadas Mujeres,2020,10,8,2226,0,339473453,67,46,13,0,10,39,724
Something Just Like This,2017,2,22,23375,21,2204080728,61,65,3,0,17,4,725
Closer,2016,5,31,28032,0,2591224264,75,52,41,0,11,3,726
O.O,2022,2,22,290,0,135444283,39,77,4,0,6,29,727
Somebody That I Used To Know,2011,1,1,42798,0,1457139296,86,52,54,0,10,4,728
Tom's Diner,2019,6,28,2605,0,236872197,68,43,38,0,36,14,729
First Class,2022,4,8,8737,0,694525298,91,56,3,0,11,10,730
Plan A,2022,3,23,1105,0,240661097,58,83,5,0,7,4,731
Fuera del mercado,2022,2,17,2499,21,421365166,45,67,32,0,13,14,732
X пїЅпїЅLTIMA,2022,3,25,2697,1,349746291,81,83,9,0,11,5,733
When You're Gone,2022,3,31,2092,0,255120451,60,69,2,0,58,4,734
In My Head,2022,4,1,1185,0,190981339,68,55,16,0,10,12,735
Wait a Minute!,2015,1,11,11985,0,924193303,76,71,3,0,10,3,736
LOVE DIVE,2022,4,5,753,8,305771063,70,71,0,0,33,4,737
Pantysito,2022,3,18,2995,0,273005485,83,74,14,0,16,6,738
Chance,2022,4,6,225,0,89566512,72,46,24,0,9,6,739
Cool for the Summer,2015,1,1,9243,0,677389855,59,62,1,0,8,4,740
psychofreak (feat. WILLOW),2022,4,7,918,0,75476209,63,64,34,0,9,8,741
Angel Baby,2021,9,9,1959,9,408843328,56,57,1,0,13,3,742
Vampiro,2022,1,30,540,4,187772591,78,64,1,0,7,4,743
Si Quieren Frontear,2022,3,31,859,0,178512385,79,84,13,0,21,23,744
Right On,2022,4,8,1116,0,101780047,70,61,2,0,10,34,745
Me Arrepentпї,2022,3,30,273,2,118381354,86,79,29,0,60,16,746
That's Hilarious,2022,4,8,686,2,146363130,71,44,74,0,11,6,747
Soy El Unico,2022,3,25,226,0,126443991,71,45,45,0,11,3,748
RUMBATпїЅ,2022,3,25,1264,0,157990698,69,91,6,0,35,4,749
sentaDONA (Remix) s2,2022,3,17,870,0,176290831,93,45,25,0,13,27,750
Falling,2019,12,13,7556,0,1023187129,57,27,84,0,9,3,751
Sigue,1996,11,24,1370,0,106933107,89,64,5,0,19,7,752
Fim de Semana no Rio,2022,3,30,315,2,139193812,87,50,12,0,10,10,753
MANIAC,2022,3,18,651,0,212234990,58,80,15,0,7,41,754
There's Nothing Holdin' Me Back,2016,9,23,12382,0,1714490998,86,80,36,0,9,6,755
IDGAF (with blackbear),2022,3,18,625,0,197643795,78,75,41,0,27,8,756
Golden,2019,12,13,8429,1,807015863,45,84,21,0,13,6,757
Get Lucky - Radio Edit,2013,1,1,52898,0,933815613,79,81,4,0,10,4,758
Ain't Shit,2021,6,25,3436,0,499710590,86,49,51,0,35,21,759
"Nobody Like U - From ""Turning Red""",2022,2,25,918,0,120847157,91,72,13,0,9,15,760
Still Life,2022,4,5,181,0,53909146,68,58,44,0,6,3,761
Photograph,2014,6,20,18778,3,2236667932,61,38,61,0,10,5,762
Love Yourself,2015,11,9,22730,5,2123309722,61,38,84,0,28,44,763
N95,2022,5,13,5542,0,301242089,81,66,38,0,12,14,764
About Damn Time,2022,4,14,9021,0,723894473,84,74,10,0,34,7,765
Die Hard,2022,5,13,4627,0,237351106,78,74,36,0,17,27,766
DespuпїЅпїЅs de la P,2022,5,6,2229,0,461558540,56,90,36,0,18,31,767
Un Ratito,2022,5,6,1112,6,417230415,79,55,31,0,12,5,768
United In Grief,2022,5,13,2575,0,156898322,52,83,24,0,17,43,769
Father Time (feat. Sampha),2022,5,13,3107,0,127309180,55,78,19,0,11,35,770
Yo No Soy Celoso,2022,5,6,1179,0,313113297,87,59,28,0,17,5,771
Rich Spirit,2022,5,13,3486,0,173702135,85,43,39,0,12,21,772
Cooped Up (with Roddy Ricch),2022,5,12,2942,0,271666301,50,78,4,0,11,33,773
Me Fui de Vacaciones,2022,5,6,1443,0,305650299,71,65,23,0,9,5,774
Silent Hill,2022,5,13,3028,0,123216717,92,57,46,0,14,9,775
La Corriente,2022,5,6,1796,8,479655659,66,79,23,0,22,20,776
Count Me Out,2022,5,13,2729,0,126191104,78,43,69,0,14,9,777
Andrea,2022,5,6,1195,0,344055883,80,62,76,0,10,38,778
Dos Mil 16,2022,5,6,892,3,338422004,82,67,12,0,13,5,779
We Cry Together,2022,5,13,1635,0,68895644,65,69,31,0,8,36,780
Savior,2022,5,13,2291,0,86176890,61,71,53,0,32,46,781
Un Coco,2022,5,6,1029,28,403231558,84,69,21,0,18,6,782
Otro Atardecer,2022,5,6,1681,7,319546754,78,60,59,0,7,4,783
Worldwide Steppers,2022,5,13,1480,0,61739839,56,47,76,0,8,36,784
Aguacero,2022,5,6,829,0,283359161,86,65,42,0,35,7,785
Purple Hearts,2022,5,13,2308,0,76831876,57,82,19,0,15,29,786
Un Verano Sin Ti,2022,5,6,1004,1,283332261,50,50,69,0,12,6,787
ULTRA SOLO,2022,2,14,1367,0,307752576,80,85,23,0,11,21,788
EnsпїЅпїЅпїЅпїЅame ,2022,5,6,1112,3,279737940,81,79,19,0,47,8,789
El ApagпїЅ,2022,5,6,1209,0,212351890,63,70,5,0,9,31,790
Callaita,2019,5,31,9539,15,1304313953,61,62,60,0,24,31,791
Dua Lipa,2022,5,6,1992,0,150500965,83,65,0,10,11,8,792
Agosto,2022,5,6,897,0,246127838,85,58,9,0,49,12,793
House Of Memories,2016,1,15,2948,0,582863434,51,82,0,0,5,3,794
Mr. Morale,2022,5,13,1860,0,58687425,73,54,30,0,34,32,795
That That (prod. & feat. SUGA of BTS),2022,4,29,802,0,212109195,91,96,3,0,3,9,796
In The Stars,2022,4,29,2224,8,382199619,36,54,34,0,14,5,797
Rich - Interlude,2022,5,13,1103,0,41210087,44,42,88,0,9,9,798
SUPERMODEL,2022,5,13,2265,0,231657891,64,88,0,0,12,6,799
Stefania (Kalush Orchestra),2022,3,10,555,0,53729194,83,82,14,0,12,4,800
Thousand Miles,2022,4,22,2050,0,244741137,38,66,9,0,9,8,801
Crown,2022,5,13,1493,0,42485571,37,24,80,0,11,4,802
Auntie Diaries,2022,5,13,1545,0,37778188,43,38,76,1,48,38,803
PUFFIN ON ZOOTIEZ,2022,4,29,2350,0,254218729,88,66,6,0,13,31,804
Mirror,2022,5,13,1929,0,53603447,66,65,23,0,8,7,805
Beautiful Girl,2022,4,22,710,4,160035717,84,42,31,0,9,9,806
"Paulo Londra: Bzrp Music Sessions, Vol. 23",2022,4,25,928,0,164163229,61,90,25,0,10,9,807
Savior - Interlude,2022,5,13,1194,0,37091576,66,43,84,0,19,19,808
Pasoori,2022,2,6,349,6,284249832,71,60,7,0,6,4,809
Mother I Sober (feat. Beth Gibbons of Portishead),2022,5,13,1890,0,33381454,49,37,87,0,11,35,810
TUS LпїЅпїЅGR,2022,4,1,1308,2,184622518,68,71,18,0,11,25,811
Where Did You Go?,2022,1,26,4531,0,300983101,77,78,19,0,29,4,812
I Tried to Tell Y'all,2022,5,6,1657,0,121077868,71,52,62,0,11,36,813
Honest (feat. Don Toliver),2022,4,29,1351,0,106919680,82,66,13,0,11,6,814
ZOOM,2022,4,13,608,0,136996305,87,60,1,0,13,16,815
SloMo,2021,12,24,1211,0,65719930,73,81,13,0,9,6,816
FEARLESS,2022,5,2,629,0,229497852,86,62,5,0,13,14,817
10 Things I Hate About You,2022,3,23,1301,0,185550869,54,79,1,0,17,5,818
SPACE MAN,2022,2,22,1329,0,54682594,47,83,18,0,10,5,819
With you,2022,4,24,343,2,240580042,53,43,64,0,13,3,820
Iris,1998,3,31,13101,9,1284942608,32,72,0,0,9,4,821
The Heart Part 5,2022,5,8,2939,0,71423324,76,81,18,0,6,34,822
San Lucas,2019,11,7,407,1,244891912,58,36,86,0,9,3,823
This Love (TaylorпїЅпїЅпїЅs Ve,2022,5,6,1492,0,132171975,47,50,32,0,7,4,824
Good Looking,2017,10,20,2264,0,184706613,37,56,8,0,13,3,825
Flowers,2021,8,9,801,0,184826429,70,44,84,0,9,39,826
Yet To Come,2022,6,10,829,0,302006641,56,89,4,0,33,19,827
Run BTS,2022,6,10,736,0,330881149,72,82,2,0,4,17,828
Music For a Sushi Restaurant,2022,5,20,4449,1,334733572,72,72,26,6,11,4,829
Matilda,2022,5,20,3218,3,366214458,51,29,90,0,10,4,830
For Youth,2022,6,10,327,0,114546317,63,51,43,0,25,4,831
Daylight,2022,5,20,2775,0,290833204,69,45,48,0,18,4,832
Vegas (From the Original Motion Picture Soundtrack ELVIS),2022,5,6,4576,0,448500832,80,60,8,0,14,26,833
Cash In Cash Out,2022,6,10,2313,0,136676504,88,56,1,0,8,6,834
Potion (with Dua Lipa & Young Thug),2022,5,27,3983,0,190625045,82,70,16,0,8,5,835
Born Singer,2022,6,10,279,0,79095270,60,84,4,0,24,11,836
Little Freak,2022,5,20,2302,0,273194684,56,54,72,0,10,4,837
La Llevo Al Cielo (Ft. пїЅпїЅengo F,2022,5,20,3559,3,333146475,80,85,11,0,17,14,838
True Love,2022,5,27,2129,0,194902696,71,86,2,0,51,25,839
Satellite,2022,5,20,3291,5,311482393,58,46,14,0,9,3,840
Pass The Dutchie,1982,1,1,5328,0,195918494,73,67,20,0,32,5,841
"Villano Antillano: Bzrp Music Sessions, Vol. 51",2022,6,8,1401,0,248511839,82,75,6,0,63,6,842
Love Of My Life,2022,5,20,1933,0,233671263,56,54,67,0,6,5,843
Grapejuice,2022,5,20,1986,0,199587884,65,72,36,14,20,3,844
So Good,2022,6,9,1057,0,91781263,63,62,4,0,18,4,845
Belly Dancer,2022,2,18,5115,13,383835984,85,80,6,0,17,14,846
Keep Driving,2022,5,20,2094,1,236060709,72,48,32,0,18,23,847
Cinema,2022,5,20,2171,0,189236868,83,64,35,5,9,4,848
Die Young (feat. 347aidan),2022,5,25,896,0,160845341,81,58,83,0,11,34,849
Only Love Can Hurt Like This,2014,1,1,5148,0,588955257,57,89,10,0,33,8,850
Hold My Hand,2022,5,3,2528,0,238350348,51,63,5,0,41,3,851
Daydreaming,2022,5,20,1900,1,187703102,71,81,31,2,13,3,852
Numb,2022,6,10,3879,2,295307001,91,77,12,1,10,5,853
Nos Comemos (feat. Ozuna),2022,6,2,896,0,138334433,83,82,10,0,9,5,854
Me and Your Mama,2016,11,10,8775,0,445590495,56,45,1,3,7,3,855
Crazy What Love Can Do,2022,3,18,5290,0,286739476,60,71,3,0,16,4,856
SLOW DANCING IN THE DARK,2018,9,12,10211,0,1122364376,52,48,54,1,19,3,857
Antes de Perderte,2022,6,2,584,8,157136970,81,93,49,0,12,11,858
Boyfriends,2022,5,20,1517,0,137070925,42,20,94,0,11,4,859
295,2021,5,15,246,4,183273246,68,76,21,0,11,20,860
Tak Ingin Usai,2022,5,13,220,4,184807630,49,40,82,0,11,3,861
En El Radio Un Cochinero,2022,5,13,514,0,164856284,70,62,47,0,10,4,862
Master of Puppets (Remastered),1986,3,3,6080,0,704171068,54,83,0,44,20,4,863
BREAK MY SOUL,2022,6,21,9724,0,354614964,70,88,4,0,26,8,864
ULTRA SOLO REMIX,2022,6,16,2341,0,279717388,91,82,8,0,6,8,865
Massive,2022,6,17,5263,0,195628667,51,68,12,2,15,6,866
Betty (Get Money),2022,6,10,2402,0,221752937,73,75,0,0,34,8,867
Ojos Marrones,2022,2,6,795,11,263280370,81,65,4,0,14,4,868
POP!,2022,6,24,571,0,213505179,80,86,4,0,3,5,869
Layla,2022,3,24,832,3,130419412,44,92,0,0,44,7,870
MORE,2022,7,1,565,0,155795783,78,72,1,0,11,4,871
Sweet Child O' Mine,1987,1,1,41231,1,1553497987,45,90,9,11,10,5,872
Last Last,2022,5,12,4526,12,293466523,80,56,13,0,8,9,873
SNAP,2022,3,19,1818,0,711366595,56,64,11,0,45,7,874
Sticky,2022,6,17,2814,0,191448892,88,49,9,0,9,14,875
Hot Shit (feat. Ye & Lil Durk),2022,7,1,1601,0,85924992,88,69,0,0,8,23,876
Ai Preto,2022,6,3,894,4,176103902,95,57,54,0,10,25,877
La Loto,2022,7,6,945,0,121189256,85,83,10,0,8,11,878
die first,2022,6,24,767,0,131746175,44,67,7,0,12,13,879
Afraid To Feel,2022,5,2,5898,5,244790012,58,91,2,0,27,11,880
Baile no Morro,2022,6,10,685,2,129314708,71,40,46,0,7,45,881
cпїЅпїЅmo dormi,2022,8,4,1452,35,331511413,63,43,24,0,12,23,882
Bad Decisions (with BTS & Snoop Dogg),2022,8,5,1456,0,219196651,77,87,2,0,23,12,883
STAYING ALIVE (feat. Drake & Lil Baby),2022,8,5,2107,0,170732845,72,46,7,0,28,8,884
Caile,2020,12,18,1494,2,273914335,70,76,30,0,9,45,885
Si Te La Encuentras Por Ahпї,2022,8,5,1379,4,179061440,74,58,15,0,13,8,886
GIVENCHY,2022,7,20,625,4,185236961,61,62,14,0,23,40,887
ALIEN SUPERSTAR,2022,7,29,2688,0,171788484,55,64,0,0,17,10,888
Mary On A Cross,2019,9,13,2668,2,387080183,47,90,0,0,10,4,889
Attention,2022,8,1,799,12,264717480,81,65,24,0,8,4,890
THE SHADE,2022,3,11,1189,6,244928911,90,51,39,0,9,6,891
"Come Back Home - From ""Purple Hearts""",2022,7,12,367,0,97610446,56,53,24,0,12,4,892
El Rescate,2022,7,22,527,4,287278853,79,59,28,0,11,14,893
Heartless,2008,1,1,17504,34,887906111,79,65,5,0,25,14,894
"Stay With Me (with Justin Timberlake, Halsey, & Pharrell)",2022,7,15,3113,0,123473120,81,73,28,0,29,4,895
Siempre Pendientes,2022,8,15,685,5,295152154,77,75,33,1,13,4,896
JGL,2022,2,18,782,9,323455692,70,59,55,0,27,12,897
Don't You Worry,2022,6,16,2442,0,240918092,82,88,20,0,21,3,898
Pipoco,2022,5,20,1112,4,191873381,77,74,47,0,34,8,899
Hold Me Closer,2017,11,10,4967,0,284216603,67,77,11,0,19,11,900
Forget Me,2022,9,9,2520,4,239411309,67,74,30,0,36,4,901
After LIKE,2022,8,22,767,12,265548837,68,92,10,0,9,12,902
Bound 2,2013,1,1,19806,7,703301727,37,66,14,0,9,5,903
B.O.T.A. (Baddest Of Them All) - Edit,2022,6,15,5153,6,244585109,74,89,24,61,15,5,904
Talk that Talk,2022,8,26,615,0,189476119,77,91,14,0,33,12,905
BILLIE EILISH.,2022,1,20,2537,0,277132266,90,50,11,0,9,26,906
Ferxxo 100,2022,6,3,1647,30,278920007,70,57,25,0,15,7,907
KU LO SA - A COLORS SHOW,2022,6,10,2019,8,222410722,65,66,31,0,22,7,908
Prohibidox,2022,9,13,1473,12,185392587,65,80,5,0,6,25,909
Static,2022,7,15,1613,0,202452860,34,31,43,63,10,7,910
The Scientist,2002,8,5,30992,6,1608164312,56,44,73,0,11,2,911
Sparks,2000,7,10,10826,4,624101957,37,27,75,5,10,3,912
Talk,2022,9,2,920,0,148461629,70,76,8,0,54,23,913
XQ Te Pones Asпї,2022,9,13,308,0,47093942,81,70,13,0,15,7,914
Selfish,2016,6,23,2468,0,380319238,64,60,11,0,19,4,915
Sin SeпїЅп,2022,7,22,1097,2,209106362,82,85,33,1,11,4,916
Lady Mi Amor,2022,9,13,330,0,53987404,78,62,6,0,15,6,917
Poland,2022,6,23,1584,0,115331792,70,56,14,83,11,5,918
THE LONELIEST,2022,10,7,1585,5,225093344,52,60,0,0,8,3,919
Bye Bye,2022,10,14,766,0,84697729,65,53,6,0,51,4,920
BABY OTAKU,2022,8,18,836,0,159240673,84,75,5,0,6,8,921
Nxde,2022,10,17,430,6,170709584,73,91,4,0,48,18,922
Miss You,1982,5,16,2020,0,154356956,66,58,17,0,19,5,923
we fell in love in october,2018,11,21,6858,0,723043854,57,37,11,18,16,3,924
2 Be Loved (Am I Ready),2022,7,14,3682,6,247689123,72,77,9,0,8,11,925
Celestial,2022,9,29,1639,0,176474912,57,85,5,0,16,4,926
Typa Girl,2022,9,16,452,10,235549288,92,62,7,0,63,10,927
I Really Want to Stay at Your House,2020,12,18,668,1,140430339,49,74,0,0,9,4,928
California Breeze,2022,10,14,991,0,85559365,74,67,0,0,11,46,929
Bamba (feat. Aitch & BIA),2022,9,22,869,7,146223492,80,81,14,0,13,36,930
Casei Com a Putaria,2022,7,1,648,4,187701588,59,60,12,0,5,44,931
Major Distribution,2022,11,4,1545,0,154863153,91,55,1,0,7,32,932
Pussy & Millions (feat. Travis Scott),2022,11,4,1930,0,191333656,75,63,6,0,35,12,933
Vigilante Shit,2022,10,21,1948,0,253650850,80,28,17,0,12,39,934
Question...?,2022,10,21,1608,0,223064273,75,50,20,0,30,17,935
On BS,2022,11,4,1338,0,170413877,84,36,2,0,39,59,936
Mastermind,2022,10,21,1936,0,218320587,66,35,55,0,9,14,937
Circo Loco,2022,11,4,1794,0,141720999,73,61,1,0,32,7,938
Labyrinth,2022,10,21,1597,0,187339835,48,31,80,22,12,4,939
Spin Bout U,2022,11,4,1652,2,198365537,77,70,1,0,16,5,940
Sweet Nothing,2022,10,21,1747,0,186104310,34,16,97,0,12,5,941
"Would've, Could've, Should've",2022,10,21,1715,0,177503916,48,84,43,0,15,12,942
Con La Brisa,2022,11,4,486,0,71095708,62,44,51,33,14,3,943
Privileged Rappers,2022,11,4,1007,0,112436403,93,61,0,0,12,20,944
The Astronaut,2022,10,28,481,9,203436468,54,76,0,0,14,3,945
BackOutsideBoyz,2022,11,4,1045,0,93367537,85,43,4,0,39,32,946
Broke Boys,2022,11,4,1060,0,106249219,64,53,1,0,25,27,947
The Great War,2022,10,21,1274,0,181382590,57,74,22,0,8,4,948
My Mind & Me,2022,11,3,953,0,91473363,60,39,57,0,8,3,949
Bigger Than The Whole Sky,2022,10,21,1180,0,121871870,42,24,83,1,12,6,950
A Veces (feat. Feid),2022,11,3,573,0,73513683,80,67,4,0,8,6,951
En La De Ella,2022,10,20,1320,0,133895612,82,77,8,0,12,5,952
Alone,2022,11,4,782,2,96007391,61,67,15,0,11,5,953
